scene_id,im_id,obj_id,score,R,t,time
48,1,14,0.347293,0.818821 -0.574048 0.000735 -0.117104 -0.168291 -0.978757 0.561977 0.801341 -0.205024,-39.607955 -113.357133 850.177493,-1
