[2 2 4]
[ 91  70 109]
[ 91  70 109]
[ 91  70 109]
[ 91  70 109]
[ 90  70 109]
[140 108 169]
[139 108 169]
[139 108 169]
[139 108 169]
[139 108 169]
[138 109 170]
[137 108 169]
[137 108 169]
[136 108 169]
[136 108 169]
[7 6 8]
[1 1 2]
[1 1 2]
[1 1 2]
[2 1 2]
[136 103 158]
[136 102 157]
[135 102 157]
[135 102 158]
[134 102 157]
[134 102 157]
[133 101 157]
[142 109 168]
[142 110 169]
[142 109 169]
[142 109 169]
[141 108 168]
[141 109 168]
[141 109 170]
[140 109 169]
[140 109 169]
[139 108 169]
[138 108 168]
[138 109 169]
[138 109 169]
[137 108 168]
[137 109 169]
[137 109 169]
[136 108 169]
[135 108 168]
[ 99  79 124]
[0 0 1]
[124 100 156]
[124 101 158]
[133 108 169]
[132 108 169]
[123 100 157]
[123 101 157]
[122 101 157]
[121 100 157]
[120 101 157]
[129 109 169]
[129 109 169]
[129 109 169]
[124 105 164]
[118 101 157]
[26 23 35]
[0 0 1]
[32 24 36]
[33 25 38]
[149 113 169]
[149 113 169]
[148 112 169]
[148 112 169]
[148 112 170]
[148 112 169]
[147 111 169]
[147 111 169]
[146 110 169]
[146 110 169]
[145 110 168]
[145 110 169]
[144 110 169]
[144 110 169]
[143 110 169]
[143 110 169]
[143 110 169]
[142 109 168]
[142 109 169]
[141 108 168]
[141 109 169]
[141 109 169]
[140 109 168]
[139 109 169]
[139 109 169]
[138 109 169]
[138 108 168]
[138 109 169]
[137 109 168]
[136 108 168]
[136 108 168]
[135 109 168]
[136 109 169]
[135 109 169]
[134 109 169]
[134 109 169]
[133 108 169]
[132 108 169]
[133 109 169]
[131 108 168]
[132 109 169]
[131 109 169]
[131 109 169]
[130 109 169]
[130 110 169]
[129 110 168]
[128 109 169]
[128 110 169]
[127 110 169]
[127 111 169]
[126 110 169]
[125 110 169]
[124 110 169]
[124 111 169]
[124 111 169]
[124 111 169]
[27 25 37]
[25 23 35]
[0 0 1]
[77 59 85]
[77 59 85]
[77 59 85]
[153 116 169]
[152 115 169]
[152 116 169]
[151 115 169]
[151 115 169]
[151 114 169]
[150 114 168]
[150 114 169]
[149 113 168]
[149 113 168]
[149 113 169]
[149 113 169]
[148 112 169]
[148 112 168]
[147 112 168]
[147 112 169]
[147 111 168]
[146 111 169]
[146 111 168]
[145 110 168]
[145 110 169]
[145 110 169]
[144 110 168]
[143 110 168]
[143 110 168]
[143 110 168]
[142 109 168]
[142 109 168]
[142 109 168]
[141 109 168]
[140 109 169]
[140 109 169]
[140 109 169]
[139 109 169]
[138 109 168]
[138 109 168]
[138 109 169]
[138 109 168]
[136 108 168]
[136 109 168]
[135 109 168]
[135 109 168]
[135 109 168]
[134 109 169]
[134 109 168]
[133 109 168]
[133 108 168]
[132 108 168]
[132 108 168]
[132 109 169]
[131 108 168]
[131 109 169]
[130 110 169]
[130 110 169]
[129 110 168]
[128 109 168]
[128 110 169]
[127 110 169]
[127 111 169]
[126 111 169]
[125 111 169]
[124 111 169]
[124 111 169]
[124 111 169]
[124 112 169]
[123 111 169]
[123 112 169]
[122 112 169]
[121 113 169]
[121 113 169]
[48 45 67]
[121  93 133]
[121  93 133]
[153 118 169]
[154 118 169]
[153 117 169]
[153 118 169]
[152 117 168]
[152 117 168]
[151 115 168]
[152 116 169]
[152 116 169]
[151 115 169]
[150 115 168]
[150 114 168]
[150 114 168]
[149 113 168]
[149 113 168]
[149 113 169]
[149 112 168]
[148 112 168]
[148 112 168]
[147 112 168]
[147 112 168]
[147 111 168]
[146 111 168]
[146 111 168]
[145 111 168]
[145 111 168]
[144 110 168]
[144 110 168]
[143 110 168]
[143 110 168]
[143 110 168]
[142 109 168]
[142 109 168]
[141 109 168]
[141 109 168]
[141 109 168]
[140 109 168]
[139 109 168]
[139 109 168]
[138 109 168]
[138 109 168]
[137 108 168]
[137 109 168]
[137 109 168]
[136 109 168]
[136 109 168]
[136 109 168]
[135 109 169]
[134 109 168]
[134 109 168]
[133 108 167]
[132 108 168]
[132 109 168]
[132 109 168]
[132 109 168]
[131 108 168]
[131 109 169]
[130 109 168]
[129 109 168]
[129 110 168]
[128 110 168]
[127 110 168]
[127 110 168]
[127 111 169]
[126 111 169]
[126 111 169]
[125 111 169]
[124 111 169]
[125 112 169]
[124 112 169]
[123 112 169]
[123 113 169]
[123 113 169]
[121 113 169]
[120 113 168]
[120 113 169]
[119 114 169]
[120 115 170]
[117 113 166]
[ 93  90 133]
[0 0 1]
[11  9 12]
[21 17 23]
[155 120 169]
[155 120 169]
[156 120 170]
[155 119 169]
[154 119 169]
[154 119 168]
[154 119 169]
[153 118 169]
[153 118 169]
[153 118 169]
[152 117 169]
[151 116 168]
[151 115 168]
[151 115 168]
[150 115 168]
[151 115 168]
[150 114 168]
[150 114 168]
[149 114 168]
[150 114 169]
[148 112 167]
[149 113 168]
[149 113 168]
[148 112 168]
[147 112 168]
[147 111 168]
[146 111 167]
[146 111 168]
[146 111 168]
[145 111 167]
[145 111 168]
[145 111 168]
[144 110 168]
[143 110 168]
[143 110 168]
[142 109 167]
[142 109 167]
[141 109 167]
[141 109 167]
[141 109 167]
[140 109 168]
[140 108 167]
[139 110 168]
[139 109 168]
[138 109 168]
[138 109 168]
[137 109 167]
[137 109 168]
[137 109 168]
[137 109 168]
[136 109 168]
[135 109 168]
[135 109 168]
[134 108 167]
[133 109 167]
[133 109 168]
[133 109 168]
[132 109 168]
[132 109 168]
[131 109 168]
[131 109 168]
[131 109 168]
[129 109 168]
[129 109 168]
[129 110 168]
[128 110 168]
[128 111 168]
[127 111 169]
[126 111 168]
[126 111 169]
[125 111 168]
[125 111 168]
[124 111 169]
[124 111 168]
[124 112 168]
[124 112 168]
[123 113 169]
[122 113 169]
[121 113 168]
[120 114 169]
[120 114 169]
[120 115 169]
[120 116 170]
[119 115 169]
[118 115 169]
[118 115 169]
[117 116 168]
[117 117 169]
[63 63 92]
[2 2 3]
[56 44 60]
[78 61 85]
[156 123 169]
[156 122 169]
[156 122 168]
[156 122 169]
[155 121 169]
[155 121 169]
[154 120 168]
[154 119 168]
[154 118 168]
[153 118 168]
[153 119 168]
[153 118 168]
[153 118 168]
[152 117 168]
[151 116 168]
[152 116 168]
[151 116 168]
[151 116 168]
[150 115 168]
[151 115 168]
[149 113 167]
[149 113 167]
[148 112 167]
[149 113 168]
[148 112 167]
[148 112 168]
[148 112 168]
[147 112 168]
[147 111 168]
[147 112 168]
[146 111 167]
[146 111 168]
[145 111 167]
[144 110 167]
[144 110 167]
[144 110 167]
[143 109 167]
[143 110 167]
[142 110 167]
[142 109 167]
[142 109 167]
[141 110 167]
[141 109 167]
[140 109 167]
[140 109 167]
[139 109 167]
[138 108 167]
[138 109 167]
[138 109 167]
[137 109 167]
[137 109 167]
[137 109 167]
[137 109 168]
[136 109 168]
[135 109 167]
[135 109 167]
[134 109 167]
[134 109 167]
[133 109 167]
[133 109 167]
[133 109 168]
[132 109 167]
[131 109 167]
[131 109 168]
[130 109 167]
[130 110 168]
[130 110 168]
[129 110 168]
[128 110 168]
[128 110 168]
[127 110 168]
[126 111 168]
[126 111 168]
[125 110 168]
[124 111 168]
[125 112 168]
[124 112 168]
[123 112 168]
[123 112 168]
[123 113 168]
[122 113 169]
[121 114 169]
[121 114 168]
[120 115 169]
[120 115 169]
[119 115 169]
[119 115 168]
[118 116 168]
[118 116 169]
[118 117 169]
[117 117 169]
[116 118 169]
[116 118 169]
[42 43 61]
[8 6 8]
[127 101 137]
[157 125 169]
[157 125 169]
[156 123 169]
[155 123 168]
[155 123 168]
[155 122 168]
[155 122 169]
[155 121 168]
[155 121 168]
[154 120 169]
[154 119 168]
[154 119 168]
[153 118 168]
[153 118 168]
[153 118 168]
[152 118 167]
[152 117 168]
[152 116 167]
[152 117 168]
[151 116 167]
[151 115 167]
[150 115 167]
[150 114 167]
[149 114 167]
[150 114 167]
[149 113 167]
[149 113 167]
[148 112 167]
[148 112 167]
[148 112 168]
[147 112 167]
[146 111 167]
[146 111 167]
[146 111 167]
[145 111 167]
[145 111 167]
[144 111 167]
[144 110 167]
[144 110 167]
[143 110 167]
[142 109 167]
[142 110 167]
[142 110 167]
[142 110 167]
[141 109 167]
[141 109 167]
[140 109 167]
[140 109 167]
[140 109 167]
[139 109 167]
[139 109 167]
[138 109 167]
[137 109 167]
[137 109 167]
[136 109 167]
[136 109 167]
[135 109 167]
[136 109 167]
[135 109 167]
[135 109 167]
[133 108 166]
[133 109 167]
[133 109 167]
[132 109 167]
[132 109 167]
[131 109 167]
[131 110 167]
[130 110 167]
[130 109 168]
[129 110 167]
[128 109 167]
[128 110 167]
[128 111 168]
[127 111 168]
[126 111 167]
[126 111 168]
[126 111 168]
[125 112 168]
[125 111 167]
[124 112 168]
[123 112 167]
[123 112 168]
[122 113 168]
[122 113 168]
[121 113 168]
[121 114 168]
[120 114 168]
[120 115 168]
[119 115 168]
[119 116 168]
[119 116 168]
[118 117 168]
[118 117 169]
[117 118 169]
[116 118 169]
[116 118 169]
[115 119 169]
[101 104 148]
[ 74  77 109]
[5 6 9]
[0 0 1]
[0 0 1]
[158 127 170]
[157 125 169]
[157 125 169]
[156 124 169]
[156 124 168]
[156 123 168]
[156 123 168]
[156 123 168]
[156 122 168]
[155 121 168]
[154 120 168]
[154 120 168]
[154 119 168]
[154 119 168]
[153 119 168]
[153 119 168]
[153 118 168]
[153 118 168]
[152 117 167]
[151 116 167]
[152 116 167]
[151 116 167]
[151 115 167]
[150 115 167]
[150 115 167]
[150 114 167]
[150 114 167]
[149 113 167]
[148 113 166]
[149 113 167]
[148 113 167]
[148 113 167]
[147 112 168]
[147 112 167]
[146 112 167]
[146 112 168]
[145 111 167]
[145 112 167]
[144 111 166]
[144 111 167]
[144 110 166]
[143 110 166]
[143 110 167]
[142 110 166]
[142 110 167]
[141 109 166]
[141 110 167]
[141 110 167]
[140 109 166]
[140 109 167]
[139 109 166]
[139 109 166]
[139 109 167]
[138 109 167]
[137 109 167]
[137 109 166]
[137 109 167]
[135 109 166]
[135 109 167]
[136 110 167]
[135 109 167]
[134 109 166]
[134 109 167]
[133 109 167]
[132 108 166]
[133 109 167]
[132 109 167]
[132 110 167]
[130 109 167]
[129 109 167]
[130 110 167]
[129 110 167]
[128 110 167]
[128 110 167]
[128 110 167]
[127 111 167]
[127 111 167]
[126 111 167]
[125 111 167]
[125 111 167]
[125 112 168]
[125 112 168]
[123 112 167]
[123 113 167]
[123 114 168]
[122 113 168]
[121 114 167]
[120 114 168]
[120 115 168]
[119 114 168]
[120 116 168]
[119 116 168]
[118 116 168]
[118 117 168]
[118 117 168]
[116 117 168]
[116 118 168]
[116 119 169]
[115 119 168]
[114 120 169]
[114 120 169]
[114 121 169]
[113 120 168]
[113 121 169]
[106 116 160]
[34 27 36]
[60 48 64]
[158 128 170]
[158 127 169]
[157 126 169]
[157 126 169]
[157 125 169]
[157 125 169]
[156 124 168]
[156 124 168]
[156 123 168]
[155 123 168]
[155 122 168]
[155 122 168]
[154 120 167]
[154 120 168]
[154 120 168]
[154 120 168]
[154 119 168]
[153 118 167]
[152 118 167]
[153 118 168]
[152 117 167]
[152 117 167]
[152 117 168]
[152 116 167]
[151 116 167]
[151 115 167]
[150 115 166]
[150 115 167]
[149 114 166]
[149 114 167]
[148 113 166]
[148 113 166]
[148 113 167]
[148 113 167]
[146 112 166]
[146 112 167]
[146 112 167]
[145 111 166]
[145 112 167]
[145 111 166]
[144 111 166]
[144 111 166]
[143 111 167]
[142 110 166]
[143 110 166]
[142 110 166]
[142 110 166]
[142 111 166]
[141 110 166]
[141 110 166]
[140 109 166]
[140 109 166]
[139 110 166]
[139 110 166]
[138 109 166]
[138 109 167]
[137 109 166]
[137 110 167]
[137 110 167]
[136 109 166]
[136 110 167]
[136 110 167]
[135 109 167]
[134 109 166]
[133 109 166]
[133 109 166]
[133 109 166]
[132 109 167]
[131 109 166]
[131 109 167]
[131 110 167]
[130 110 167]
[129 109 166]
[129 110 167]
[128 110 167]
[128 110 167]
[127 110 167]
[127 111 167]
[127 111 167]
[126 111 167]
[126 111 167]
[125 111 167]
[125 112 167]
[125 112 167]
[124 112 167]
[123 113 167]
[123 113 168]
[122 113 167]
[121 113 167]
[121 114 168]
[120 114 168]
[119 115 168]
[119 115 168]
[118 115 167]
[118 116 167]
[118 117 168]
[117 117 168]
[117 118 168]
[116 118 168]
[116 118 168]
[115 119 168]
[115 120 168]
[115 121 169]
[114 121 169]
[114 121 169]
[113 122 169]
[112 123 169]
[112 124 169]
[25 27 37]
[ 8  9 13]
[130 107 139]
[158 130 169]
[158 129 169]
[158 128 169]
[158 128 169]
[157 127 168]
[157 126 168]
[157 126 169]
[156 125 168]
[156 125 168]
[156 124 168]
[156 124 168]
[155 122 167]
[155 122 168]
[155 122 168]
[155 121 168]
[154 120 168]
[154 120 168]
[154 120 167]
[154 119 167]
[153 119 167]
[153 119 167]
[153 118 167]
[153 118 167]
[152 117 167]
[151 116 167]
[151 116 167]
[151 116 167]
[151 115 167]
[150 115 166]
[150 115 166]
[150 115 167]
[149 115 167]
[148 114 166]
[148 114 166]
[147 113 166]
[147 113 166]
[147 113 166]
[146 113 166]
[146 113 166]
[146 113 166]
[146 113 167]
[145 114 167]
[144 113 166]
[144 113 167]
[144 113 167]
[143 113 166]
[143 113 166]
[142 113 166]
[141 112 166]
[142 112 166]
[141 112 166]
[141 112 167]
[140 111 166]
[140 112 166]
[139 113 166]
[138 113 166]
[138 113 166]
[137 112 166]
[137 112 167]
[137 112 166]
[136 112 166]
[136 112 166]
[136 112 167]
[135 111 166]
[135 112 166]
[134 112 166]
[134 111 166]
[133 112 166]
[133 111 166]
[133 111 167]
[132 111 166]
[131 111 167]
[131 111 167]
[130 111 167]
[129 110 166]
[129 110 167]
[128 110 167]
[128 110 166]
[127 111 167]
[127 111 167]
[127 111 167]
[126 111 167]
[126 112 167]
[125 112 167]
[125 112 167]
[125 113 167]
[124 113 167]
[123 113 167]
[122 113 167]
[122 113 167]
[122 114 167]
[121 114 167]
[120 115 167]
[119 115 167]
[119 115 167]
[119 116 167]
[118 116 167]
[118 117 168]
[118 117 168]
[116 117 168]
[116 118 168]
[116 118 168]
[115 119 168]
[114 120 168]
[114 120 168]
[114 121 169]
[113 122 169]
[113 123 169]
[113 124 169]
[112 124 169]
[111 124 169]
[111 124 169]
[111 125 169]
[43 50 66]
[10  8 10]
[159 131 169]
[158 131 169]
[158 130 168]
[158 130 169]
[157 128 168]
[157 128 168]
[157 127 168]
[157 126 168]
[157 126 168]
[156 125 168]
[156 124 167]
[156 124 168]
[156 123 167]
[155 122 167]
[156 123 168]
[155 121 167]
[155 121 167]
[155 121 168]
[154 120 167]
[155 120 167]
[153 119 166]
[153 119 167]
[153 119 167]
[153 118 167]
[153 118 167]
[152 117 166]
[152 117 167]
[151 115 166]
[151 116 166]
[150 115 166]
[150 115 166]
[150 115 166]
[149 115 166]
[149 115 167]
[148 115 166]
[148 115 166]
[148 115 166]
[148 116 166]
[148 116 167]
[146 115 166]
[146 115 166]
[145 115 166]
[145 115 166]
[144 115 166]
[144 115 166]
[144 114 166]
[143 114 166]
[143 114 166]
[142 114 166]
[142 114 166]
[142 114 166]
[141 114 167]
[140 113 166]
[140 113 166]
[140 114 166]
[139 113 166]
[139 113 166]
[139 114 166]
[138 114 166]
[137 113 166]
[136 113 166]
[136 113 166]
[136 113 166]
[136 113 166]
[135 113 166]
[135 113 166]
[135 113 167]
[134 112 166]
[134 113 166]
[133 112 166]
[132 113 166]
[132 113 166]
[131 113 166]
[131 113 166]
[130 113 166]
[130 113 166]
[129 113 166]
[129 113 166]
[129 114 166]
[128 112 166]
[127 112 166]
[127 111 166]
[127 112 166]
[125 111 166]
[125 112 166]
[125 112 166]
[125 113 166]
[124 113 166]
[124 113 167]
[123 113 166]
[123 114 167]
[122 114 167]
[121 114 167]
[120 114 166]
[121 115 167]
[120 115 167]
[119 115 167]
[119 116 168]
[118 116 167]
[118 117 168]
[117 117 167]
[117 118 168]
[116 118 168]
[25 25 36]
[116 120 169]
[115 120 168]
[114 121 168]
[114 121 168]
[113 122 168]
[112 122 168]
[112 123 168]
[112 124 169]
[111 123 168]
[111 125 169]
[111 126 169]
[110 127 169]
[43 50 67]
[11 10 12]
[159 132 169]
[159 132 169]
[159 132 169]
[159 131 169]
[158 130 169]
[158 129 168]
[157 128 167]
[157 128 168]
[157 127 168]
[157 126 167]
[157 126 168]
[156 125 168]
[156 124 167]
[156 124 167]
[155 123 167]
[155 122 167]
[155 121 167]
[156 122 168]
[155 121 167]
[154 120 167]
[154 120 166]
[154 119 166]
[153 118 166]
[153 118 167]
[153 119 167]
[153 118 166]
[152 118 166]
[152 117 166]
[151 117 166]
[151 117 167]
[150 117 166]
[150 117 166]
[150 117 166]
[149 117 166]
[149 117 166]
[148 116 166]
[147 117 166]
[147 116 166]
[146 116 165]
[147 117 166]
[146 116 166]
[146 116 166]
[145 116 166]
[144 116 166]
[145 117 167]
[144 116 166]
[144 116 166]
[143 116 166]
[142 115 166]
[142 116 166]
[142 117 166]
[142 117 167]
[141 116 166]
[140 116 167]
[140 116 166]
[139 115 166]
[140 117 167]
[139 116 166]
[138 116 166]
[138 116 167]
[137 116 167]
[137 116 167]
[136 116 166]
[136 116 166]
[135 116 166]
[135 116 167]
[134 116 166]
[134 116 167]
[133 116 167]
[132 116 166]
[133 116 167]
[132 114 166]
[132 115 167]
[131 114 167]
[131 114 166]
[131 114 167]
[130 114 166]
[129 114 166]
[128 114 166]
[128 114 166]
[129 115 167]
[127 114 166]
[127 114 166]
[126 114 166]
[126 114 166]
[126 114 166]
[125 114 166]
[124 114 167]
[124 114 166]
[123 114 167]
[122 113 166]
[123 114 167]
[121 113 166]
[121 114 167]
[122 115 167]
[121 115 167]
[120 115 166]
[120 116 167]
[119 116 167]
[119 117 167]
[118 118 167]
[117 118 167]
[116 118 167]
[116 118 167]
[ 9  9 13]
[ 9  9 13]
[115 120 168]
[114 121 168]
[113 121 167]
[113 122 168]
[113 122 168]
[112 123 168]
[112 124 168]
[111 125 169]
[111 126 169]
[111 127 170]
[110 127 169]
[109 128 169]
[29 34 47]
[13 11 13]
[159 134 169]
[158 133 169]
[159 133 169]
[158 132 169]
[158 131 168]
[158 130 168]
[158 130 168]
[158 129 168]
[158 129 168]
[158 128 168]
[157 127 168]
[157 126 167]
[156 126 167]
[156 125 167]
[156 124 167]
[156 124 167]
[155 123 167]
[155 123 167]
[156 123 167]
[155 122 167]
[155 121 167]
[154 121 167]
[154 121 167]
[154 120 167]
[154 119 166]
[153 119 166]
[153 119 167]
[152 119 166]
[151 119 166]
[151 119 166]
[151 119 166]
[150 119 166]
[150 119 166]
[149 119 167]
[149 119 166]
[149 119 166]
[149 118 166]
[148 118 166]
[148 117 166]
[147 118 166]
[147 118 166]
[146 118 166]
[145 118 166]
[146 118 166]
[145 118 166]
[144 118 166]
[144 119 166]
[144 119 167]
[143 119 166]
[143 118 166]
[143 118 166]
[142 118 167]
[142 119 166]
[141 118 166]
[141 118 166]
[141 118 166]
[140 118 166]
[140 118 166]
[139 118 166]
[138 117 166]
[138 118 167]
[138 117 166]
[137 117 166]
[137 117 167]
[136 117 166]
[135 117 166]
[135 117 166]
[134 117 166]
[135 118 167]
[134 117 167]
[133 117 166]
[133 117 166]
[132 117 166]
[132 117 166]
[131 117 166]
[131 117 166]
[130 117 166]
[130 117 166]
[130 117 167]
[129 117 166]
[128 116 166]
[128 116 166]
[128 116 166]
[127 115 166]
[127 116 166]
[127 116 167]
[126 116 167]
[126 116 166]
[124 115 166]
[124 116 167]
[124 116 167]
[123 116 166]
[123 116 166]
[122 117 166]
[122 115 166]
[121 115 166]
[121 115 167]
[120 115 166]
[119 115 166]
[119 116 167]
[118 116 167]
[118 117 167]
[118 118 167]
[117 118 167]
[116 118 167]
[116 118 167]
[115 119 167]
[115 119 168]
[114 120 167]
[114 121 167]
[114 122 168]
[113 122 168]
[113 123 168]
[112 123 168]
[112 125 169]
[111 125 169]
[111 126 169]
[110 127 169]
[110 127 169]
[109 129 169]
[109 130 169]
[39 47 62]
[ 95  81 101]
[159 136 169]
[159 136 169]
[159 134 169]
[159 133 169]
[158 133 168]
[158 132 168]
[158 131 168]
[158 130 168]
[157 129 167]
[158 129 167]
[157 128 167]
[157 127 167]
[157 126 167]
[157 126 167]
[156 126 167]
[156 124 167]
[156 123 166]
[155 123 166]
[155 123 166]
[155 122 166]
[154 122 166]
[154 121 167]
[154 121 166]
[154 121 166]
[154 121 167]
[153 121 166]
[152 121 166]
[152 121 166]
[152 121 166]
[151 121 166]
[151 121 166]
[151 121 166]
[150 120 166]
[149 120 166]
[149 121 167]
[150 120 167]
[149 121 167]
[148 120 166]
[148 121 166]
[147 121 166]
[147 121 166]
[146 121 166]
[146 120 166]
[146 120 166]
[145 120 167]
[145 120 166]
[144 120 166]
[144 119 166]
[144 119 166]
[143 120 166]
[142 120 166]
[142 120 166]
[142 119 167]
[142 119 166]
[141 119 166]
[141 120 167]
[140 119 166]
[140 119 166]
[139 119 166]
[139 119 167]
[138 120 166]
[138 119 166]
[137 119 166]
[136 119 166]
[136 119 166]
[136 119 167]
[135 119 166]
[135 119 166]
[134 119 166]
[135 119 166]
[134 119 166]
[133 119 166]
[133 119 166]
[132 119 166]
[132 119 166]
[131 119 167]
[131 119 166]
[131 119 167]
[130 119 166]
[130 119 166]
[129 119 166]
[129 119 167]
[128 119 166]
[128 119 167]
[127 119 167]
[127 119 167]
[127 119 167]
[126 118 167]
[126 118 167]
[125 117 166]
[123 117 166]
[123 117 166]
[123 117 166]
[123 117 166]
[123 118 167]
[122 118 166]
[121 117 167]
[121 118 167]
[120 117 167]
[119 117 166]
[119 117 167]
[118 117 166]
[119 117 167]
[117 117 166]
[117 118 167]
[117 118 166]
[116 118 167]
[116 120 168]
[115 120 167]
[115 120 167]
[114 121 167]
[114 122 167]
[113 122 167]
[112 123 168]
[112 123 168]
[111 124 168]
[111 125 168]
[111 126 168]
[110 127 168]
[110 128 169]
[109 129 169]
[109 130 169]
[109 131 170]
[ 69  84 109]
[ 95  82 101]
[159 137 169]
[159 137 169]
[159 135 168]
[158 134 168]
[158 134 168]
[159 133 169]
[159 132 168]
[159 131 168]
[158 131 168]
[158 129 167]
[157 128 167]
[158 128 167]
[157 127 166]
[157 127 167]
[157 126 167]
[157 126 167]
[156 124 166]
[155 124 166]
[155 124 166]
[155 124 166]
[155 124 166]
[154 124 166]
[154 123 166]
[154 123 166]
[154 124 167]
[153 123 166]
[153 123 166]
[153 123 166]
[152 123 167]
[152 123 166]
[151 122 166]
[151 123 166]
[150 122 166]
[150 122 166]
[149 122 167]
[149 123 167]
[149 122 166]
[148 122 166]
[148 123 166]
[148 123 166]
[147 122 166]
[146 122 166]
[146 121 165]
[146 122 166]
[145 122 166]
[145 122 167]
[145 122 166]
[144 121 166]
[144 121 166]
[143 122 166]
[143 122 166]
[142 121 166]
[142 121 166]
[142 122 167]
[141 121 166]
[141 121 167]
[141 121 166]
[140 121 166]
[140 121 166]
[139 121 166]
[138 121 166]
[138 121 166]
[138 121 166]
[137 121 166]
[137 121 166]
[136 120 166]
[135 120 165]
[135 121 166]
[135 121 167]
[135 121 166]
[134 121 166]
[134 121 167]
[133 120 166]
[133 120 167]
[132 120 166]
[132 121 167]
[132 121 167]
[131 121 167]
[130 120 166]
[130 120 166]
[130 120 166]
[130 120 166]
[129 120 166]
[128 120 166]
[129 121 167]
[127 120 166]
[127 121 167]
[125 120 166]
[126 121 167]
[125 120 166]
[125 120 167]
[125 121 167]
[123 120 166]
[123 119 166]
[122 118 166]
[122 118 166]
[121 118 166]
[121 119 167]
[121 119 166]
[120 119 166]
[119 119 166]
[119 119 166]
[118 119 166]
[118 118 166]
[118 118 166]
[117 118 166]
[117 118 166]
[116 120 167]
[116 120 167]
[115 121 167]
[114 120 167]
[114 121 166]
[114 122 167]
[112 122 167]
[112 123 167]
[112 124 168]
[112 125 168]
[111 125 168]
[110 126 167]
[110 127 168]
[109 128 168]
[109 129 168]
[110 131 170]
[109 131 169]
[108 132 169]
[57 49 60]
[159 138 169]
[159 138 169]
[159 137 169]
[159 136 168]
[158 134 168]
[158 134 168]
[158 133 168]
[158 132 168]
[158 131 168]
[158 130 167]
[157 129 167]
[157 128 166]
[158 128 167]
[157 128 166]
[157 127 167]
[157 126 167]
[157 126 167]
[156 125 166]
[155 125 166]
[156 125 166]
[155 125 166]
[154 125 166]
[154 125 166]
[154 125 166]
[154 125 166]
[154 124 166]
[153 124 166]
[152 124 166]
[152 124 166]
[151 124 166]
[151 124 166]
[151 125 167]
[150 125 166]
[150 124 166]
[149 124 166]
[149 124 166]
[149 124 166]
[148 123 166]
[148 124 166]
[147 124 166]
[147 124 167]
[147 124 167]
[146 125 167]
[146 125 166]
[145 125 166]
[145 125 167]
[145 125 166]
[144 124 166]
[144 124 166]
[143 124 166]
[143 124 167]
[142 124 166]
[142 124 167]
[141 123 166]
[141 123 166]
[141 122 166]
[141 122 166]
[141 122 166]
[140 122 166]
[140 122 167]
[138 121 166]
[139 122 167]
[138 122 166]
[138 122 167]
[137 121 166]
[137 122 166]
[136 121 166]
[136 122 167]
[135 122 166]
[135 122 166]
[134 121 166]
[133 121 166]
[133 121 166]
[133 121 166]
[132 121 166]
[132 121 166]
[132 121 166]
[131 121 166]
[131 122 167]
[130 122 166]
[130 121 166]
[130 122 167]
[129 122 166]
[129 122 166]
[128 122 166]
[127 122 166]
[127 122 167]
[126 122 166]
[126 122 167]
[126 122 166]
[125 122 166]
[125 122 167]
[124 122 167]
[124 122 166]
[123 122 167]
[122 122 167]
[123 123 168]
[121 121 167]
[121 120 167]
[120 120 166]
[120 120 167]
[119 120 166]
[120 121 167]
[118 120 166]
[118 121 166]
[117 120 166]
[117 121 166]
[117 121 167]
[116 121 167]
[115 121 166]
[114 120 166]
[115 121 166]
[114 121 167]
[114 123 167]
[113 123 167]
[112 123 167]
[112 124 167]
[112 125 168]
[111 125 168]
[110 126 168]
[110 127 168]
[109 128 168]
[109 130 169]
[109 131 169]
[109 132 169]
[108 132 169]
[53 66 84]
[57 50 60]
[159 139 169]
[159 139 169]
[158 137 168]
[159 136 168]
[158 135 168]
[158 134 167]
[159 133 168]
[158 132 167]
[158 132 167]
[158 130 167]
[158 130 167]
[158 129 167]
[157 129 166]
[157 128 167]
[157 127 167]
[157 126 166]
[156 126 166]
[156 127 166]
[156 127 167]
[155 127 166]
[155 127 167]
[154 127 166]
[155 127 166]
[154 126 166]
[153 127 166]
[153 126 166]
[153 126 166]
[152 127 167]
[152 126 166]
[152 127 166]
[150 126 166]
[151 127 166]
[150 126 166]
[150 126 166]
[149 126 166]
[149 125 166]
[148 129 167]
[148 129 167]
[147 130 167]
[147 132 168]
[146 131 167]
[145 132 167]
[145 132 168]
[144 132 167]
[145 132 168]
[144 132 168]
[144 131 168]
[143 131 168]
[143 131 167]
[143 131 168]
[142 130 168]
[141 130 167]
[141 130 168]
[141 130 167]
[141 130 168]
[140 129 168]
[140 129 168]
[140 129 167]
[139 129 168]
[139 128 167]
[138 126 167]
[138 126 167]
[138 126 167]
[137 124 167]
[137 125 166]
[136 125 166]
[136 124 166]
[136 124 166]
[135 123 166]
[135 123 166]
[135 123 166]
[134 123 166]
[133 123 166]
[133 123 167]
[132 122 166]
[132 122 166]
[131 122 166]
[131 123 166]
[130 123 166]
[130 123 166]
[130 123 166]
[129 122 166]
[129 123 166]
[129 123 166]
[128 123 166]
[128 123 166]
[127 123 166]
[127 123 166]
[126 123 167]
[126 124 166]
[125 123 166]
[125 124 167]
[124 123 166]
[123 124 166]
[123 123 167]
[122 124 167]
[122 124 167]
[121 124 167]
[121 123 167]
[121 123 167]
[120 123 166]
[120 122 166]
[119 122 166]
[118 122 166]
[118 122 166]
[118 122 167]
[117 122 167]
[117 123 167]
[116 122 166]
[116 122 167]
[115 122 166]
[114 122 166]
[114 122 166]
[113 123 166]
[113 123 167]
[112 124 167]
[112 125 167]
[112 126 167]
[111 126 168]
[111 126 167]
[110 127 168]
[109 129 168]
[109 130 168]
[109 131 169]
[109 133 169]
[108 133 169]
[108 134 169]
[4 5 7]
[125 111 132]
[159 141 169]
[159 141 169]
[158 139 168]
[158 138 168]
[159 136 168]
[159 135 168]
[158 134 167]
[158 134 167]
[158 132 167]
[158 131 166]
[158 132 168]
[158 130 167]
[158 129 166]
[157 129 166]
[157 128 166]
[157 128 166]
[157 128 166]
[156 128 166]
[156 129 167]
[155 128 166]
[155 128 167]
[154 128 166]
[155 128 166]
[154 128 166]
[154 128 166]
[153 128 166]
[153 128 166]
[152 128 166]
[152 128 166]
[151 128 166]
[151 127 166]
[151 128 166]
[150 128 166]
[149 131 167]
[148 131 167]
[148 133 167]
[148 132 167]
[148 132 167]
[147 132 167]
[146 133 167]
[146 132 167]
[146 133 168]
[145 133 167]
[145 133 168]
[144 133 167]
[144 132 167]
[143 131 167]
[143 131 167]
[143 131 168]
[143 131 167]
[142 130 167]
[142 131 167]
[142 130 167]
[141 130 167]
[140 130 167]
[141 130 168]
[140 130 167]
[139 129 166]
[139 129 167]
[139 129 167]
[139 130 167]
[138 129 167]
[138 129 167]
[137 129 167]
[136 129 166]
[136 129 167]
[136 129 167]
[135 128 166]
[135 128 166]
[135 128 167]
[134 127 167]
[134 124 166]
[134 124 166]
[134 124 166]
[133 124 166]
[133 124 166]
[133 124 166]
[132 124 166]
[131 124 166]
[131 124 166]
[130 124 166]
[130 124 166]
[129 124 166]
[128 124 166]
[129 124 166]
[128 124 166]
[127 124 166]
[127 124 167]
[126 124 166]
[126 124 166]
[126 125 167]
[125 124 166]
[124 124 166]
[124 125 166]
[123 124 166]
[123 124 166]
[123 125 166]
[122 125 166]
[121 125 166]
[121 125 167]
[120 125 166]
[120 125 167]
[119 124 167]
[119 123 167]
[119 123 166]
[118 123 166]
[117 123 166]
[117 124 166]
[116 123 166]
[116 124 166]
[115 123 166]
[115 124 167]
[115 124 167]
[114 123 166]
[113 123 166]
[112 123 166]
[112 124 166]
[112 125 167]
[111 126 167]
[111 126 167]
[111 127 168]
[110 128 168]
[110 129 168]
[109 130 168]
[109 131 168]
[108 132 168]
[108 134 169]
[108 135 169]
[ 86 107 136]
[12 11 13]
[158 142 169]
[159 142 169]
[158 139 168]
[159 138 168]
[158 136 167]
[158 135 167]
[158 134 167]
[158 134 167]
[159 133 167]
[158 131 167]
[158 132 167]
[158 130 166]
[157 130 166]
[157 129 166]
[157 129 166]
[156 129 166]
[156 130 167]
[156 130 167]
[155 130 166]
[155 130 167]
[154 129 166]
[154 129 166]
[154 129 166]
[153 129 166]
[153 130 167]
[152 130 166]
[153 130 167]
[153 130 167]
[150 133 167]
[150 134 167]
[150 134 168]
[150 134 168]
[149 133 167]
[149 134 168]
[149 134 168]
[148 134 167]
[148 133 167]
[148 133 168]
[147 133 167]
[147 133 167]
[146 133 167]
[146 134 167]
[145 133 167]
[145 134 167]
[145 133 167]
[143 132 166]
[144 132 167]
[143 131 167]
[143 131 168]
[142 131 167]
[142 131 167]
[143 132 168]
[142 131 167]
[141 130 167]
[140 130 167]
[141 130 167]
[140 130 167]
[139 130 167]
[139 130 167]
[139 130 167]
[138 130 166]
[139 131 168]
[137 129 166]
[137 130 167]
[136 130 167]
[136 130 167]
[136 131 167]
[135 130 167]
[135 131 167]
[135 131 167]
[134 130 166]
[134 131 167]
[133 130 167]
[133 128 167]
[133 126 166]
[132 125 166]
[132 126 167]
[132 126 167]
[131 126 166]
[131 126 166]
[130 125 166]
[130 125 166]
[129 125 166]
[129 125 166]
[128 125 166]
[127 124 166]
[128 125 167]
[127 126 167]
[127 125 167]
[126 125 166]
[126 126 167]
[125 125 166]
[125 126 167]
[124 126 166]
[124 127 167]
[123 126 166]
[122 126 167]
[122 126 167]
[121 125 166]
[120 125 166]
[120 126 166]
[120 126 167]
[119 126 166]
[119 126 167]
[119 126 167]
[118 125 166]
[117 125 166]
[117 125 166]
[117 125 166]
[116 125 166]
[115 125 166]
[115 125 166]
[114 125 167]
[114 125 167]
[113 125 167]
[113 125 167]
[112 124 166]
[112 125 166]
[112 126 167]
[111 126 167]
[111 127 167]
[110 128 167]
[109 129 167]
[109 130 168]
[109 131 168]
[109 133 169]
[108 134 168]
[108 136 169]
[107 137 169]
[158 144 169]
[158 142 168]
[158 143 169]
[158 141 168]
[159 137 168]
[158 137 167]
[158 136 167]
[158 135 167]
[159 134 167]
[159 133 167]
[158 132 166]
[158 131 166]
[158 131 167]
[157 131 166]
[156 132 166]
[157 131 166]
[156 131 166]
[156 131 166]
[155 131 166]
[155 131 166]
[154 131 166]
[154 131 166]
[154 132 167]
[153 132 167]
[153 133 167]
[152 135 167]
[152 135 167]
[151 135 167]
[151 135 168]
[150 135 167]
[150 135 167]
[150 135 168]
[149 134 167]
[149 134 167]
[149 134 168]
[149 134 168]
[148 134 167]
[148 134 168]
[148 133 167]
[147 133 167]
[147 134 167]
[146 135 168]
[146 135 167]
[145 134 167]
[145 134 167]
[145 133 167]
[144 133 167]
[143 133 167]
[143 132 167]
[143 131 167]
[143 131 166]
[142 131 167]
[142 131 167]
[141 131 167]
[141 131 167]
[140 130 166]
[140 130 167]
[140 130 166]
[140 131 167]
[139 130 166]
[138 130 167]
[138 130 166]
[138 130 167]
[137 130 167]
[137 130 167]
[136 130 167]
[136 131 167]
[135 131 167]
[135 131 167]
[135 131 167]
[134 131 167]
[134 132 167]
[133 132 167]
[133 132 167]
[132 132 167]
[132 131 167]
[132 130 167]
[132 126 166]
[131 126 166]
[131 126 166]
[130 127 166]
[130 127 167]
[130 127 166]
[129 127 166]
[128 127 166]
[128 126 166]
[128 126 166]
[127 126 166]
[126 126 166]
[126 126 166]
[126 126 166]
[125 126 166]
[125 127 166]
[125 127 166]
[124 127 166]
[123 127 166]
[123 127 166]
[122 127 166]
[122 128 167]
[121 128 166]
[120 127 166]
[120 127 166]
[120 127 166]
[120 128 167]
[118 127 166]
[118 127 166]
[118 127 167]
[117 127 166]
[116 126 167]
[116 126 166]
[115 126 166]
[115 126 166]
[114 126 167]
[115 127 167]
[114 127 166]
[113 127 166]
[113 127 167]
[112 126 166]
[112 126 166]
[112 126 167]
[111 127 166]
[111 127 167]
[110 128 167]
[110 129 167]
[109 130 167]
[109 132 168]
[108 133 168]
[108 135 168]
[107 137 169]
[107 139 170]
[158 144 168]
[158 144 169]
[157 143 168]
[158 140 168]
[158 137 167]
[158 137 167]
[158 136 167]
[158 135 166]
[158 134 167]
[158 133 166]
[158 132 166]
[157 133 166]
[157 133 166]
[157 133 166]
[156 133 167]
[156 133 166]
[155 134 166]
[155 135 167]
[154 134 167]
[154 135 167]
[153 136 167]
[153 136 168]
[152 136 167]
[153 136 167]
[152 136 167]
[151 135 167]
[151 136 167]
[151 135 167]
[151 135 167]
[150 135 167]
[150 135 168]
[149 135 167]
[150 135 167]
[149 134 167]
[148 134 167]
[148 134 167]
[148 134 167]
[148 134 167]
[147 133 167]
[147 134 167]
[145 136 167]
[146 136 168]
[145 135 167]
[145 134 167]
[145 134 166]
[144 133 166]
[144 133 166]
[144 133 167]
[144 132 167]
[143 132 167]
[142 131 166]
[143 131 167]
[142 131 167]
[141 131 166]
[141 131 166]
[140 131 166]
[140 130 166]
[140 130 166]
[140 130 166]
[139 130 166]
[139 130 166]
[138 130 167]
[138 129 166]
[137 130 166]
[137 130 166]
[136 130 166]
[136 130 166]
[135 131 166]
[135 131 167]
[134 132 166]
[134 132 167]
[134 133 167]
[133 132 167]
[133 133 167]
[132 133 167]
[132 133 167]
[131 133 167]
[132 131 167]
[131 127 166]
[131 128 166]
[131 128 166]
[130 128 167]
[129 128 166]
[129 128 166]
[129 128 167]
[128 128 166]
[128 128 166]
[127 128 166]
[127 128 167]
[126 128 166]
[126 128 166]
[125 127 166]
[125 127 166]
[125 128 166]
[124 128 167]
[123 129 167]
[123 128 166]
[123 128 166]
[123 130 167]
[121 129 166]
[121 129 166]
[120 128 166]
[119 128 166]
[119 129 167]
[119 129 167]
[118 129 167]
[117 128 166]
[117 128 167]
[116 128 167]
[116 128 166]
[116 128 166]
[115 128 166]
[115 128 166]
[114 127 166]
[114 128 166]
[114 128 167]
[113 128 166]
[113 128 166]
[112 128 167]
[112 127 166]
[111 128 167]
[110 128 166]
[110 129 167]
[110 130 167]
[109 131 167]
[108 132 167]
[109 135 168]
[108 136 169]
[107 137 168]
[107 139 169]
[157 144 168]
[157 144 168]
[158 145 169]
[12 10 13]
[159 138 167]
[158 137 167]
[158 137 167]
[158 136 167]
[159 135 167]
[158 134 166]
[158 134 167]
[157 135 166]
[157 134 166]
[156 134 166]
[155 137 167]
[155 137 167]
[155 138 168]
[155 138 168]
[154 137 167]
[153 136 167]
[153 137 167]
[255   0   0]
[153 137 167]
[152 136 167]
[151 136 166]
[152 136 167]
[151 136 167]
[151 136 167]
[151 136 167]
[150 136 167]
[150 136 167]
[150 135 167]
[149 135 167]
[149 135 167]
[149 134 167]
[149 135 167]
[148 134 167]
[147 135 167]
[147 136 167]
[146 137 167]
[146 138 167]
[255   0   0]
[145 135 167]
[145 135 167]
[145 134 167]
[255   0   0]
[144 133 166]
[143 133 166]
[143 132 166]
[142 131 166]
[143 132 166]
[142 131 166]
[142 131 167]
[142 132 167]
[140 131 166]
[140 131 166]
[141 131 167]
[139 131 166]
[140 130 166]
[139 130 166]
[139 131 166]
[138 130 166]
[138 130 166]
[137 130 165]
[137 130 166]
[136 130 165]
[135 130 166]
[136 131 167]
[135 131 166]
[255   0   0]
[134 132 166]
[134 133 167]
[132 133 166]
[133 134 167]
[132 134 167]
[132 135 167]
[131 134 167]
[132 135 167]
[131 131 166]
[130 129 166]
[130 129 166]
[130 128 166]
[129 129 166]
[130 129 166]
[129 129 166]
[128 128 166]
[128 129 166]
[127 129 166]
[127 129 166]
[126 129 166]
[125 129 166]
[126 130 166]
[125 129 166]
[124 129 166]
[124 129 166]
[124 129 166]
[123 129 166]
[122 129 166]
[122 130 166]
[121 130 166]
[120 130 166]
[120 130 166]
[119 130 166]
[119 130 166]
[119 130 167]
[119 131 167]
[118 130 167]
[117 131 167]
[116 130 166]
[116 129 166]
[116 129 166]
[115 129 166]
[115 129 167]
[115 129 166]
[114 129 166]
[114 130 166]
[113 130 166]
[113 129 166]
[112 130 167]
[111 129 166]
[111 129 166]
[110 129 167]
[110 130 167]
[110 130 167]
[109 131 166]
[109 133 168]
[109 135 168]
[108 136 168]
[108 140 170]
[108 139 169]
[157 145 168]
[157 146 169]
[157 147 169]
[11 10 12]
[158 138 166]
[158 138 167]
[158 137 166]
[158 136 167]
[158 136 167]
[157 135 166]
[157 135 166]
[156 136 166]
[156 136 166]
[155 138 166]
[155 139 167]
[155 138 167]
[154 138 167]
[155 138 167]
[154 138 167]
[153 137 167]
[153 137 167]
[153 137 167]
[153 137 167]
[152 137 167]
[152 137 167]
[151 136 166]
[152 137 167]
[151 136 167]
[150 136 166]
[150 136 166]
[150 136 167]
[150 136 167]
[149 135 167]
[148 135 166]
[149 136 167]
[148 135 166]
[148 136 167]
[147 137 167]
[147 137 167]
[146 138 168]
[145 138 167]
[145 139 168]
[145 136 167]
[145 135 167]
[144 134 166]
[144 134 166]
[144 134 166]
[143 133 166]
[143 132 166]
[143 133 166]
[143 132 166]
[142 132 166]
[141 132 166]
[141 132 166]
[140 132 166]
[140 132 166]
[140 132 166]
[140 132 166]
[139 131 165]
[139 132 166]
[138 130 165]
[138 131 166]
[138 131 166]
[138 131 166]
[137 130 165]
[137 131 166]
[136 131 166]
[135 131 166]
[135 131 166]
[134 132 166]
[134 133 166]
[133 133 166]
[133 134 167]
[133 135 167]
[132 136 167]
[132 136 167]
[132 136 167]
[132 136 168]
[131 135 167]
[130 130 166]
[131 130 166]
[129 129 165]
[129 129 165]
[130 130 166]
[129 130 166]
[128 129 166]
[128 130 166]
[127 130 166]
[127 130 166]
[126 130 166]
[125 130 166]
[125 131 166]
[124 131 166]
[124 130 166]
[123 130 166]
[123 130 166]
[123 130 166]
[122 130 166]
[122 132 167]
[122 131 166]
[121 132 166]
[121 132 166]
[120 132 166]
[119 131 166]
[119 131 166]
[118 131 166]
[118 131 166]
[118 132 167]
[117 132 167]
[117 132 167]
[116 132 167]
[115 130 166]
[115 130 166]
[114 130 166]
[114 131 166]
[114 131 166]
[113 131 166]
[113 131 166]
[112 130 166]
[112 131 167]
[111 130 166]
[110 130 166]
[110 130 166]
[110 131 167]
[109 132 167]
[109 133 168]
[109 135 168]
[109 142 169]
[108 141 169]
[108 140 169]
[12 11 13]
[157 147 169]
[156 147 169]
[84 79 91]
[159 139 167]
[159 139 167]
[158 138 167]
[158 137 166]
[158 137 167]
[158 137 167]
[157 137 166]
[156 137 167]
[155 139 167]
[155 140 167]
[155 140 167]
[154 139 167]
[154 138 167]
[154 138 167]
[154 139 167]
[153 138 167]
[152 137 166]
[153 138 167]
[153 138 167]
[152 138 167]
[152 138 167]
[151 137 167]
[151 137 166]
[151 137 166]
[150 137 166]
[150 137 166]
[149 137 166]
[149 136 166]
[148 136 166]
[149 137 167]
[148 136 167]
[148 137 167]
[148 137 167]
[147 137 166]
[146 138 167]
[146 139 167]
[145 139 167]
[145 140 167]
[145 139 167]
[145 135 167]
[144 135 166]
[145 135 166]
[144 135 166]
[144 135 167]
[143 134 166]
[143 134 166]
[143 134 166]
[142 133 166]
[142 134 166]
[141 133 166]
[141 133 166]
[141 133 166]
[140 133 166]
[140 133 166]
[140 133 166]
[139 133 166]
[138 132 165]
[139 133 166]
[137 132 165]
[137 132 165]
[137 132 165]
[136 132 166]
[136 132 166]
[136 132 166]
[135 133 166]
[135 132 166]
[134 133 166]
[134 134 167]
[133 135 167]
[133 135 167]
[132 137 167]
[131 137 167]
[131 137 167]
[131 137 167]
[131 137 167]
[130 134 167]
[130 131 165]
[130 131 166]
[129 131 166]
[129 131 166]
[128 130 165]
[128 131 166]
[128 131 166]
[127 130 166]
[127 131 166]
[126 131 166]
[125 131 166]
[125 132 166]
[125 132 166]
[124 132 166]
[124 132 166]
[123 132 166]
[123 132 167]
[122 131 166]
[122 132 166]
[121 132 166]
[121 132 166]
[121 133 166]
[120 133 166]
[120 133 167]
[119 133 166]
[119 133 166]
[118 133 166]
[118 132 166]
[117 133 166]
[116 133 167]
[116 133 167]
[116 132 166]
[115 133 166]
[114 132 166]
[114 132 166]
[114 132 167]
[114 132 167]
[113 132 166]
[112 132 166]
[112 132 166]
[111 132 167]
[110 132 166]
[110 132 166]
[109 132 167]
[109 133 167]
[109 134 167]
[109 139 168]
[108 143 169]
[108 142 169]
[108 141 169]
[12 11 13]
[157 148 169]
[156 149 169]
[156 148 169]
[158 140 167]
[158 139 166]
[158 139 166]
[158 139 166]
[157 138 166]
[157 139 166]
[156 138 165]
[155 141 167]
[155 141 167]
[154 140 166]
[155 140 167]
[155 140 167]
[154 139 166]
[154 139 166]
[153 138 166]
[153 138 166]
[152 138 166]
[152 138 166]
[153 139 167]
[152 139 167]
[152 138 166]
[151 138 166]
[151 138 166]
[150 138 166]
[150 138 167]
[150 138 167]
[150 138 166]
[149 138 166]
[149 138 166]
[148 137 166]
[148 138 167]
[147 138 166]
[147 137 166]
[146 139 167]
[147 139 167]
[146 140 167]
[146 141 167]
[144 141 167]
[144 141 168]
[144 136 166]
[145 136 166]
[144 136 167]
[143 135 166]
[143 135 166]
[143 135 167]
[142 134 165]
[142 134 166]
[142 134 166]
[142 134 166]
[142 134 166]
[140 134 165]
[140 134 165]
[140 134 165]
[140 134 166]
[139 134 166]
[139 134 166]
[138 134 166]
[138 133 166]
[137 134 166]
[138 134 166]
[137 134 166]
[137 134 166]
[136 134 166]
[135 134 166]
[134 134 166]
[134 134 166]
[134 134 167]
[133 134 166]
[133 135 166]
[133 136 166]
[133 137 167]
[132 139 168]
[131 138 167]
[130 138 167]
[129 137 166]
[129 137 167]
[130 136 167]
[130 133 165]
[129 133 165]
[128 132 165]
[128 132 165]
[128 132 165]
[128 132 166]
[127 132 166]
[127 133 166]
[126 133 166]
[126 133 166]
[124 132 165]
[125 133 166]
[124 133 166]
[123 133 166]
[123 133 166]
[122 133 166]
[122 133 166]
[122 133 167]
[121 133 166]
[121 133 167]
[120 134 166]
[120 134 166]
[119 134 166]
[119 134 167]
[118 134 166]
[117 134 166]
[118 135 167]
[118 135 167]
[116 134 167]
[116 134 167]
[115 134 166]
[114 133 166]
[115 133 166]
[114 133 166]
[113 133 166]
[113 134 167]
[112 133 166]
[112 134 167]
[112 134 167]
[111 133 166]
[110 133 166]
[110 133 166]
[109 133 166]
[109 133 166]
[109 135 167]
[109 143 169]
[108 144 169]
[108 143 169]
[29 38 45]
[157 148 169]
[156 149 169]
[156 150 170]
[155 149 169]
[158 140 166]
[158 140 167]
[158 140 167]
[157 139 166]
[157 140 166]
[155 142 166]
[155 142 167]
[155 141 167]
[155 141 167]
[154 140 166]
[155 140 167]
[155 140 167]
[255   0   0]
[153 139 166]
[153 138 166]
[153 139 166]
[255   0   0]
[153 140 167]
[152 140 166]
[152 140 167]
[151 140 167]
[151 139 166]
[150 139 166]
[151 140 167]
[149 139 166]
[149 139 166]
[149 139 167]
[148 139 166]
[148 139 166]
[147 139 167]
[147 139 166]
[147 139 167]
[146 139 166]
[146 140 167]
[146 141 167]
[145 142 168]
[255   0   0]
[144 142 167]
[144 142 168]
[144 137 167]
[143 137 166]
[143 136 166]
[143 136 166]
[142 135 165]
[143 136 166]
[142 135 166]
[142 136 166]
[141 135 165]
[141 136 166]
[141 135 166]
[140 136 166]
[139 135 165]
[139 135 165]
[139 135 166]
[138 135 166]
[138 136 167]
[138 135 166]
[138 135 166]
[137 135 165]
[137 135 166]
[136 135 166]
[135 135 166]
[135 135 166]
[134 135 166]
[134 135 166]
[134 135 166]
[133 134 165]
[132 135 166]
[255   0   0]
[131 139 167]
[132 139 167]
[131 139 167]
[130 139 167]
[130 139 167]
[130 139 167]
[130 139 167]
[255   0   0]
[129 134 166]
[129 134 166]
[128 134 165]
[127 133 165]
[128 134 166]
[127 134 166]
[126 133 165]
[126 133 165]
[125 133 166]
[125 134 166]
[124 134 166]
[124 135 167]
[123 134 166]
[123 134 166]
[122 133 166]
[255   0   0]
[121 133 166]
[121 134 166]
[120 135 166]
[120 135 166]
[120 136 166]
[119 135 166]
[118 135 166]
[119 135 166]
[118 135 166]
[118 136 167]
[117 135 166]
[116 135 166]
[116 135 166]
[115 135 167]
[115 135 167]
[114 135 166]
[114 135 166]
[114 135 167]
[113 134 166]
[113 135 167]
[112 135 167]
[111 134 166]
[111 135 166]
[110 135 166]
[110 134 166]
[110 134 166]
[109 140 168]
[110 145 169]
[109 144 169]
[108 144 168]
[103 135 160]
[56 53 60]
[156 149 169]
[156 150 169]
[155 151 169]
[155 147 168]
[158 141 167]
[158 140 166]
[157 141 167]
[156 142 166]
[155 142 167]
[155 143 167]
[155 143 167]
[155 142 167]
[154 141 166]
[154 141 166]
[154 141 166]
[154 140 166]
[153 140 167]
[153 140 166]
[152 140 166]
[151 140 166]
[151 141 166]
[152 142 167]
[151 141 167]
[150 140 166]
[150 141 167]
[150 140 166]
[150 140 167]
[149 140 166]
[149 140 166]
[149 141 167]
[148 140 167]
[147 140 166]
[147 140 167]
[147 139 166]
[147 140 166]
[146 140 166]
[146 141 167]
[145 141 167]
[144 141 166]
[144 142 167]
[144 143 167]
[144 143 167]
[143 143 167]
[143 143 167]
[143 143 167]
[143 138 166]
[142 137 166]
[142 137 166]
[142 137 166]
[142 137 166]
[141 136 166]
[141 136 165]
[140 136 165]
[140 136 165]
[139 136 165]
[139 136 165]
[138 136 165]
[138 136 165]
[138 136 166]
[138 137 166]
[137 136 165]
[137 136 165]
[136 136 166]
[136 136 166]
[135 136 166]
[135 136 166]
[134 136 166]
[134 136 166]
[134 136 166]
[134 136 166]
[133 137 166]
[132 140 166]
[131 140 166]
[131 141 167]
[131 140 167]
[131 140 167]
[130 140 167]
[130 140 167]
[129 139 167]
[129 138 167]
[128 135 165]
[128 135 165]
[128 135 165]
[127 135 166]
[127 135 166]
[127 135 166]
[126 134 166]
[125 134 166]
[124 134 165]
[125 135 165]
[124 135 166]
[124 136 166]
[124 136 167]
[122 135 166]
[122 135 166]
[122 135 167]
[121 136 167]
[121 136 166]
[120 136 166]
[120 137 167]
[119 136 166]
[119 136 166]
[119 137 166]
[119 137 166]
[118 137 167]
[117 137 166]
[116 137 167]
[116 137 167]
[116 136 166]
[115 137 167]
[114 135 166]
[114 136 166]
[113 135 166]
[113 135 166]
[113 135 166]
[112 136 166]
[112 136 166]
[111 136 166]
[111 136 167]
[110 136 166]
[110 135 166]
[110 140 168]
[110 146 169]
[109 145 169]
[109 145 169]
[108 144 168]
[0 0 1]
[21 20 22]
[156 149 168]
[156 150 169]
[155 151 169]
[154 151 170]
[154 152 169]
[155 147 167]
[156 142 166]
[155 143 167]
[155 144 167]
[155 144 167]
[155 144 167]
[155 144 167]
[154 142 166]
[154 142 166]
[154 142 167]
[153 142 166]
[153 142 166]
[153 142 166]
[152 141 167]
[152 142 167]
[151 142 167]
[151 142 167]
[150 141 166]
[150 142 166]
[150 142 167]
[149 142 166]
[149 142 167]
[149 142 166]
[148 141 166]
[148 142 166]
[148 141 167]
[148 141 166]
[147 141 166]
[147 141 166]
[147 140 166]
[146 141 166]
[146 142 166]
[145 142 167]
[144 142 167]
[144 143 167]
[144 143 167]
[143 143 166]
[143 143 167]
[143 144 167]
[142 144 168]
[141 145 167]
[141 144 167]
[140 144 167]
[140 145 168]
[140 145 168]
[140 143 167]
[140 142 167]
[140 138 165]
[139 137 165]
[139 137 165]
[139 138 166]
[139 138 166]
[138 137 165]
[138 137 165]
[137 137 165]
[136 137 165]
[136 137 165]
[136 137 165]
[136 138 166]
[135 137 166]
[135 138 166]
[135 138 167]
[134 139 167]
[133 140 167]
[132 140 167]
[133 142 167]
[132 142 167]
[132 141 167]
[131 141 167]
[130 141 167]
[130 141 167]
[130 141 167]
[129 141 167]
[129 140 167]
[128 140 167]
[128 136 165]
[128 137 166]
[128 137 166]
[127 136 165]
[127 136 166]
[126 136 165]
[126 136 165]
[125 136 165]
[125 136 165]
[125 136 166]
[124 137 166]
[124 137 166]
[123 137 166]
[123 137 166]
[122 137 166]
[122 137 166]
[121 137 166]
[121 137 166]
[121 137 166]
[121 137 167]
[120 137 166]
[119 138 166]
[118 137 166]
[118 138 166]
[118 138 166]
[117 138 166]
[116 138 167]
[116 138 167]
[116 138 167]
[116 138 167]
[116 137 167]
[115 137 166]
[114 137 166]
[113 137 166]
[113 137 166]
[112 137 166]
[111 137 166]
[111 137 166]
[111 137 166]
[110 137 166]
[111 143 168]
[111 147 169]
[110 147 169]
[110 146 169]
[109 144 168]
[108 142 167]
[157 147 168]
[156 150 168]
[155 151 168]
[154 151 168]
[154 152 169]
[153 152 169]
[153 153 169]
[152 151 169]
[155 145 167]
[154 145 166]
[154 145 167]
[154 145 167]
[154 145 167]
[154 143 166]
[153 143 166]
[154 144 167]
[152 142 165]
[152 143 166]
[152 143 166]
[152 143 167]
[151 143 166]
[151 143 166]
[150 143 166]
[150 143 166]
[150 143 166]
[150 143 166]
[149 143 167]
[149 143 167]
[148 142 166]
[148 143 166]
[148 143 166]
[147 142 166]
[148 143 167]
[147 143 167]
[146 142 166]
[146 142 167]
[146 143 167]
[145 143 167]
[145 143 167]
[143 146 167]
[143 146 167]
[143 146 168]
[142 146 167]
[142 146 168]
[142 146 168]
[141 146 168]
[142 146 168]
[141 146 168]
[140 145 167]
[140 146 167]
[140 146 168]
[139 145 167]
[139 145 167]
[138 146 167]
[138 145 167]
[138 146 168]
[138 146 168]
[138 145 168]
[136 145 167]
[136 144 167]
[137 144 168]
[136 143 167]
[136 143 167]
[135 143 167]
[134 143 167]
[135 144 168]
[134 143 168]
[133 143 167]
[134 144 168]
[133 143 167]
[132 143 167]
[131 142 166]
[131 142 167]
[131 142 166]
[130 141 166]
[130 142 167]
[130 142 167]
[129 141 167]
[129 141 167]
[129 141 167]
[128 137 165]
[128 137 165]
[127 137 165]
[127 137 166]
[127 137 166]
[127 137 166]
[126 137 166]
[125 137 165]
[125 138 167]
[124 138 166]
[125 139 167]
[124 138 166]
[123 138 166]
[123 138 166]
[122 138 166]
[122 138 166]
[121 138 166]
[121 138 166]
[120 139 166]
[120 139 166]
[119 140 167]
[119 139 166]
[119 140 167]
[119 140 167]
[118 139 166]
[118 139 167]
[117 139 166]
[116 139 166]
[116 139 167]
[115 139 167]
[115 139 167]
[114 139 167]
[114 138 166]
[113 138 166]
[113 138 166]
[112 138 166]
[112 138 167]
[112 139 167]
[112 148 169]
[112 148 169]
[111 148 169]
[111 147 169]
[111 147 169]
[110 146 169]
[109 144 168]
[108 141 167]
[101  94 107]
[156 148 168]
[155 151 168]
[154 152 169]
[154 152 169]
[153 153 169]
[153 153 169]
[153 153 169]
[152 153 169]
[154 147 167]
[154 146 167]
[153 146 166]
[153 146 167]
[153 146 167]
[153 147 167]
[153 144 166]
[153 145 166]
[152 144 166]
[152 144 166]
[151 144 166]
[151 143 166]
[151 144 166]
[150 144 166]
[255   0   0]
[150 144 166]
[150 145 167]
[149 145 167]
[149 144 166]
[148 144 166]
[147 147 168]
[146 146 167]
[146 147 167]
[145 146 167]
[146 147 168]
[145 146 167]
[145 146 167]
[145 146 168]
[144 146 167]
[144 146 167]
[143 146 167]
[143 146 167]
[142 146 167]
[142 146 168]
[143 147 168]
[142 147 168]
[141 146 167]
[141 146 168]
[140 146 167]
[140 146 167]
[140 146 167]
[140 146 168]
[139 146 167]
[139 146 168]
[139 146 168]
[139 146 168]
[138 146 168]
[137 146 167]
[137 146 167]
[137 145 167]
[137 145 167]
[136 145 167]
[135 144 167]
[136 145 167]
[135 145 167]
[135 144 167]
[134 144 167]
[134 144 167]
[255   0   0]
[133 143 167]
[132 143 167]
[132 143 167]
[255   0   0]
[132 143 167]
[131 143 167]
[131 143 167]
[130 142 167]
[129 143 167]
[130 142 167]
[128 141 166]
[129 141 167]
[128 140 167]
[129 139 166]
[128 139 166]
[128 139 166]
[127 139 166]
[127 139 166]
[126 140 166]
[125 140 166]
[126 140 167]
[125 140 166]
[123 139 166]
[123 139 166]
[123 139 166]
[123 139 166]
[122 139 166]
[122 140 167]
[121 140 166]
[120 139 166]
[120 140 166]
[119 140 166]
[119 140 166]
[119 140 166]
[119 140 166]
[118 140 166]
[118 140 166]
[117 140 167]
[117 140 166]
[117 141 167]
[116 140 167]
[115 140 167]
[115 140 167]
[114 139 166]
[114 139 166]
[113 139 166]
[113 139 166]
[113 140 167]
[113 150 170]
[113 149 170]
[112 149 169]
[111 148 169]
[111 148 169]
[110 147 168]
[110 147 168]
[110 146 169]
[110 144 168]
[108 140 167]
[51 47 54]
[156 147 167]
[156 150 168]
[154 151 168]
[154 152 169]
[154 154 169]
[153 153 169]
[153 154 169]
[152 154 169]
[152 154 169]
[153 151 168]
[154 147 167]
[153 147 167]
[152 147 167]
[153 148 167]
[152 147 167]
[151 147 167]
[151 147 167]
[151 147 167]
[151 148 167]
[151 148 167]
[150 147 167]
[150 148 167]
[149 147 167]
[149 147 167]
[148 147 167]
[148 147 167]
[148 147 167]
[148 147 167]
[147 147 167]
[147 148 168]
[146 147 167]
[146 148 168]
[146 148 168]
[145 147 168]
[145 147 167]
[144 147 167]
[144 147 167]
[144 146 167]
[143 146 167]
[143 147 167]
[143 147 168]
[142 147 167]
[142 146 167]
[142 147 167]
[142 147 168]
[141 146 167]
[141 146 167]
[140 146 167]
[140 146 167]
[140 147 167]
[140 147 167]
[139 146 167]
[139 146 167]
[138 146 167]
[138 146 167]
[137 146 167]
[137 146 168]
[137 146 168]
[137 145 167]
[136 145 167]
[136 145 167]
[136 145 168]
[135 145 167]
[135 145 167]
[134 144 167]
[134 145 167]
[133 144 167]
[133 144 167]
[133 144 167]
[132 144 166]
[132 143 167]
[132 143 166]
[131 143 167]
[131 143 167]
[130 143 167]
[130 142 167]
[129 142 166]
[129 142 166]
[129 142 166]
[128 141 166]
[128 141 166]
[127 141 166]
[127 141 166]
[126 141 166]
[126 141 166]
[126 141 166]
[125 141 166]
[125 141 167]
[124 141 166]
[124 140 166]
[123 140 166]
[123 140 166]
[122 140 166]
[122 140 167]
[121 140 166]
[122 141 167]
[120 141 166]
[121 141 166]
[120 142 166]
[120 141 166]
[119 141 166]
[119 141 166]
[119 141 167]
[118 142 167]
[117 141 167]
[118 142 167]
[116 141 167]
[116 142 167]
[115 141 166]
[115 141 166]
[115 141 166]
[114 140 166]
[114 140 166]
[114 147 168]
[114 151 169]
[113 150 169]
[113 150 169]
[112 150 169]
[112 149 169]
[111 148 169]
[110 147 168]
[110 147 168]
[110 145 168]
[108 142 167]
[ 69  90 107]
[156 147 166]
[156 149 167]
[154 150 168]
[154 151 168]
[153 152 168]
[153 154 169]
[152 154 168]
[153 155 170]
[152 154 169]
[152 155 169]
[151 153 168]
[153 148 167]
[152 148 167]
[150 151 167]
[151 147 166]
[152 148 167]
[151 148 166]
[151 148 167]
[150 148 167]
[151 148 167]
[150 148 167]
[150 148 167]
[149 147 167]
[148 147 167]
[148 147 166]
[148 147 167]
[147 147 167]
[148 147 167]
[147 147 167]
[147 147 167]
[146 147 166]
[146 148 167]
[146 148 167]
[145 147 167]
[145 147 167]
[144 147 167]
[144 147 167]
[143 146 166]
[144 147 167]
[144 147 167]
[143 146 167]
[142 147 167]
[142 147 167]
[142 146 167]
[142 147 167]
[141 146 167]
[141 147 167]
[140 146 167]
[140 147 167]
[140 147 167]
[139 147 167]
[139 146 167]
[138 146 167]
[138 146 167]
[138 146 167]
[137 146 167]
[137 146 167]
[137 145 167]
[137 146 167]
[136 146 167]
[136 145 167]
[135 145 167]
[135 145 167]
[134 145 167]
[134 144 167]
[133 144 166]
[133 144 166]
[133 145 167]
[133 144 167]
[132 144 167]
[132 144 167]
[132 143 167]
[131 143 166]
[131 144 167]
[130 142 166]
[130 142 166]
[129 142 166]
[128 142 166]
[128 142 166]
[127 142 166]
[128 142 167]
[128 142 166]
[127 142 166]
[127 142 166]
[126 142 166]
[125 142 166]
[125 142 166]
[125 142 167]
[125 142 167]
[124 142 167]
[124 142 166]
[123 142 166]
[122 142 167]
[122 142 166]
[122 142 166]
[122 143 167]
[121 143 167]
[120 142 166]
[119 142 165]
[120 143 166]
[119 142 166]
[119 143 167]
[118 143 166]
[117 142 166]
[117 142 166]
[117 142 167]
[117 142 167]
[116 142 167]
[116 142 167]
[115 141 166]
[114 141 166]
[115 149 169]
[114 151 169]
[114 151 169]
[114 151 169]
[113 150 169]
[113 150 169]
[112 150 169]
[111 149 168]
[110 147 168]
[111 147 168]
[110 145 168]
[109 144 167]
[109 143 167]
[ 70  90 107]
[157 148 166]
[156 149 167]
[155 150 167]
[154 152 168]
[154 152 168]
[153 153 168]
[153 154 168]
[152 154 169]
[152 155 169]
[152 155 169]
[151 155 169]
[151 155 168]
[151 156 169]
[150 156 169]
[149 156 169]
[149 156 169]
[149 156 169]
[150 150 167]
[150 148 166]
[150 148 166]
[150 148 166]
[150 148 167]
[149 148 167]
[148 147 166]
[149 147 167]
[148 148 167]
[148 148 167]
[148 148 167]
[147 148 167]
[147 148 167]
[146 147 166]
[146 147 166]
[145 147 166]
[145 147 166]
[145 147 167]
[144 147 166]
[144 147 166]
[144 147 167]
[144 148 167]
[143 146 166]
[143 147 167]
[143 147 167]
[142 147 167]
[142 146 166]
[141 147 167]
[141 146 167]
[141 147 167]
[140 147 167]
[139 146 166]
[140 147 167]
[140 147 167]
[139 146 167]
[139 146 167]
[138 146 167]
[137 145 166]
[137 146 166]
[137 145 167]
[136 145 166]
[136 145 167]
[136 145 167]
[135 145 166]
[135 146 167]
[135 145 167]
[134 145 167]
[134 145 167]
[133 144 166]
[134 145 167]
[133 145 167]
[133 145 167]
[132 144 166]
[132 144 166]
[132 144 167]
[131 143 166]
[130 143 166]
[131 143 167]
[130 145 166]
[130 144 166]
[129 144 166]
[129 144 166]
[128 144 166]
[128 144 166]
[127 143 166]
[126 143 166]
[126 143 166]
[126 143 166]
[126 143 167]
[125 143 166]
[125 143 166]
[124 143 166]
[124 143 166]
[123 143 166]
[123 144 166]
[123 143 166]
[122 144 166]
[122 144 167]
[121 144 166]
[121 143 166]
[120 143 166]
[120 143 166]
[120 144 166]
[120 144 167]
[119 144 167]
[118 144 166]
[118 143 166]
[117 144 167]
[116 143 166]
[117 143 167]
[116 143 166]
[116 143 166]
[115 143 166]
[114 153 170]
[115 152 169]
[114 151 169]
[114 152 169]
[114 151 169]
[113 150 169]
[112 150 169]
[112 149 168]
[111 149 168]
[110 146 167]
[110 146 167]
[110 145 167]
[109 144 167]
[108 142 166]
[ 69  90 106]
[157 147 165]
[156 149 167]
[155 149 167]
[155 151 167]
[154 152 168]
[154 153 168]
[153 153 168]
[152 154 168]
[151 154 168]
[151 155 169]
[151 156 169]
[151 156 169]
[151 156 168]
[150 156 169]
[149 155 168]
[149 156 169]
[148 156 169]
[148 156 169]
[148 156 170]
[148 156 170]
[148 153 168]
[150 148 167]
[149 148 166]
[149 148 166]
[148 147 166]
[147 147 166]
[147 147 166]
[147 147 166]
[147 147 167]
[146 147 166]
[146 147 166]
[146 148 166]
[146 147 167]
[146 147 167]
[145 147 166]
[145 148 167]
[144 147 166]
[144 147 166]
[143 147 166]
[144 147 167]
[143 146 166]
[142 146 166]
[142 147 167]
[142 147 166]
[141 147 166]
[142 147 167]
[141 146 167]
[140 147 167]
[140 147 166]
[139 146 166]
[139 146 166]
[139 146 166]
[139 146 166]
[138 146 166]
[138 146 166]
[137 145 166]
[137 145 165]
[137 145 167]
[136 145 166]
[136 145 166]
[135 145 166]
[135 145 166]
[134 145 166]
[134 145 166]
[134 145 166]
[134 144 166]
[133 144 166]
[133 144 166]
[133 145 166]
[132 145 166]
[255   0   0]
[131 144 166]
[131 145 166]
[130 146 167]
[130 146 166]
[130 146 167]
[130 145 166]
[128 145 167]
[128 145 166]
[128 144 166]
[127 144 166]
[127 144 166]
[255   0   0]
[126 144 166]
[126 144 167]
[126 144 167]
[125 144 166]
[124 144 166]
[124 144 166]
[124 145 166]
[123 144 166]
[123 145 167]
[122 144 166]
[121 145 166]
[121 144 166]
[121 145 166]
[121 145 166]
[120 144 166]
[120 144 166]
[120 144 166]
[119 144 166]
[119 145 167]
[118 144 166]
[117 147 167]
[117 153 169]
[117 153 169]
[116 153 169]
[116 153 169]
[116 153 169]
[116 153 170]
[115 152 169]
[114 152 169]
[114 151 168]
[114 151 168]
[114 151 169]
[113 150 168]
[112 150 168]
[112 149 168]
[111 148 168]
[110 146 167]
[110 146 167]
[110 145 167]
[110 144 167]
[109 142 166]
[ 69  90 106]
[149 139 157]
[156 149 166]
[155 150 167]
[155 150 167]
[154 151 167]
[153 152 167]
[152 152 167]
[152 153 167]
[151 154 168]
[151 155 168]
[151 155 168]
[151 156 168]
[151 156 168]
[150 156 169]
[150 156 169]
[149 156 168]
[148 156 169]
[148 156 169]
[147 156 168]
[148 157 169]
[146 156 169]
[147 154 168]
[147 154 168]
[147 154 168]
[147 154 168]
[146 154 168]
[146 152 167]
[147 148 166]
[146 147 166]
[147 148 166]
[146 147 166]
[146 148 167]
[145 148 166]
[145 148 166]
[145 148 166]
[144 148 166]
[144 147 166]
[144 148 166]
[144 148 166]
[144 147 167]
[143 147 166]
[142 147 166]
[142 147 167]
[142 147 166]
[141 147 166]
[141 146 166]
[141 147 167]
[140 147 166]
[140 147 166]
[139 147 166]
[139 146 166]
[139 147 166]
[138 146 166]
[138 146 166]
[138 146 166]
[138 147 166]
[137 146 167]
[136 146 166]
[136 146 166]
[136 146 166]
[135 146 166]
[135 146 166]
[135 146 166]
[135 146 166]
[134 146 167]
[133 146 166]
[133 146 166]
[132 145 166]
[132 145 166]
[132 145 166]
[132 146 167]
[131 145 167]
[131 147 167]
[130 146 166]
[130 146 166]
[130 146 166]
[129 146 166]
[128 146 166]
[128 146 166]
[128 145 166]
[127 145 166]
[127 144 166]
[127 145 166]
[126 145 166]
[126 145 166]
[126 145 167]
[125 145 166]
[124 145 166]
[125 146 167]
[124 146 166]
[123 146 166]
[122 146 166]
[122 146 166]
[122 146 166]
[122 146 167]
[121 146 166]
[120 145 166]
[120 145 166]
[120 146 167]
[119 145 166]
[119 145 166]
[119 151 168]
[118 154 170]
[118 154 169]
[117 154 169]
[117 154 169]
[116 153 169]
[116 153 169]
[115 153 169]
[115 152 168]
[115 152 169]
[114 151 168]
[114 151 168]
[114 151 168]
[113 150 168]
[112 150 168]
[112 149 168]
[112 148 168]
[111 147 167]
[111 147 167]
[110 146 167]
[110 145 167]
[109 144 167]
[109 142 165]
[146 136 153]
[156 148 166]
[156 149 166]
[155 150 166]
[154 152 167]
[153 152 167]
[153 153 167]
[153 154 168]
[152 153 167]
[151 154 167]
[152 155 168]
[151 156 168]
[150 155 168]
[150 156 169]
[149 156 168]
[149 156 168]
[148 156 168]
[148 157 169]
[148 157 169]
[148 157 169]
[147 157 169]
[146 157 168]
[146 157 169]
[146 157 169]
[146 158 170]
[145 158 169]
[145 158 169]
[145 157 169]
[147 149 166]
[146 149 166]
[146 149 166]
[146 149 166]
[146 149 166]
[145 148 166]
[144 148 166]
[144 149 166]
[144 149 166]
[144 149 166]
[143 148 166]
[142 147 166]
[142 148 167]
[143 148 167]
[142 148 166]
[142 148 167]
[141 147 166]
[141 148 167]
[141 148 167]
[140 147 166]
[140 148 167]
[139 147 166]
[139 147 166]
[139 147 166]
[138 147 166]
[138 147 166]
[137 147 166]
[137 147 166]
[136 146 165]
[137 147 167]
[136 147 166]
[135 147 166]
[135 147 166]
[135 147 166]
[134 147 166]
[135 148 167]
[135 147 167]
[134 147 166]
[133 146 166]
[133 147 166]
[132 146 165]
[132 146 166]
[132 147 166]
[131 147 166]
[130 146 166]
[130 147 166]
[130 147 166]
[129 146 166]
[129 147 167]
[129 147 167]
[128 147 167]
[127 146 166]
[127 145 166]
[127 146 167]
[126 146 166]
[127 146 167]
[125 146 166]
[125 147 166]
[125 147 166]
[125 147 166]
[124 147 166]
[124 146 166]
[123 146 166]
[123 147 167]
[123 147 167]
[121 146 166]
[122 155 169]
[122 147 167]
[121 147 166]
[120 146 167]
[119 146 166]
[120 154 169]
[119 155 169]
[119 155 170]
[118 155 169]
[117 154 168]
[117 154 168]
[117 154 169]
[116 153 168]
[116 153 168]
[116 153 169]
[115 152 168]
[115 153 169]
[114 151 168]
[114 151 168]
[113 150 167]
[113 150 168]
[113 150 168]
[112 149 167]
[111 148 167]
[111 147 167]
[111 147 167]
[110 146 167]
[110 145 166]
[109 143 165]
[108 142 165]
[146 137 153]
[156 148 165]
[155 149 165]
[154 150 166]
[154 151 166]
[153 152 167]
[153 152 167]
[153 153 167]
[153 154 167]
[152 154 168]
[151 155 168]
[151 155 167]
[150 155 167]
[150 155 168]
[150 156 169]
[149 156 168]
[148 156 168]
[148 157 169]
[148 157 169]
[147 157 169]
[147 157 168]
[146 157 168]
[146 157 168]
[146 158 169]
[146 157 169]
[146 158 169]
[145 158 169]
[144 157 168]
[145 158 169]
[144 158 169]
[144 158 169]
[144 159 170]
[144 159 169]
[143 158 169]
[143 159 169]
[142 159 169]
[141 159 169]
[142 151 166]
[143 150 167]
[142 149 166]
[142 149 166]
[142 149 166]
[142 149 167]
[141 148 165]
[141 148 166]
[141 148 166]
[140 148 166]
[140 148 166]
[140 149 166]
[139 148 166]
[139 148 166]
[139 148 166]
[138 147 166]
[138 148 166]
[137 147 166]
[137 148 166]
[137 148 166]
[136 148 166]
[136 148 166]
[135 148 166]
[135 148 166]
[135 148 166]
[135 148 166]
[134 147 166]
[134 148 167]
[133 147 166]
[134 148 167]
[133 148 167]
[132 147 166]
[132 148 166]
[132 148 167]
[131 148 166]
[130 147 166]
[130 147 166]
[129 147 166]
[129 147 166]
[129 147 166]
[128 147 166]
[128 147 166]
[127 148 166]
[128 147 166]
[127 147 166]
[127 150 167]
[125 154 168]
[125 157 169]
[124 157 169]
[125 157 170]
[124 157 169]
[124 157 169]
[123 157 169]
[123 157 169]
[122 157 169]
[122 156 169]
[121 156 169]
[121 156 169]
[121 156 169]
[121 156 169]
[120 155 169]
[121 155 169]
[120 155 169]
[119 155 169]
[119 155 169]
[117 154 168]
[117 154 168]
[117 154 168]
[117 154 168]
[116 154 168]
[116 153 168]
[115 153 168]
[115 153 168]
[115 152 168]
[115 152 168]
[114 151 168]
[113 151 168]
[113 150 168]
[112 150 167]
[112 149 167]
[112 148 167]
[111 147 166]
[111 147 167]
[109 145 166]
[110 145 166]
[109 143 165]
[107 139 163]
[146 136 153]
[157 148 165]
[156 150 165]
[155 150 166]
[154 151 166]
[154 152 167]
[153 152 167]
[153 152 167]
[153 153 167]
[152 154 167]
[152 154 167]
[151 154 167]
[151 155 167]
[151 156 168]
[150 155 168]
[150 157 168]
[149 156 168]
[149 157 168]
[148 156 168]
[148 157 168]
[147 157 169]
[147 158 169]
[146 158 169]
[146 158 169]
[146 158 168]
[146 158 169]
[145 158 169]
[145 158 169]
[145 159 169]
[144 158 169]
[144 158 169]
[143 158 169]
[143 159 169]
[143 159 169]
[142 159 169]
[142 159 169]
[141 159 169]
[141 159 169]
[141 159 169]
[140 159 169]
[141 155 168]
[141 155 168]
[141 154 168]
[141 155 168]
[140 155 168]
[140 151 167]
[140 150 166]
[140 150 167]
[140 150 167]
[139 149 166]
[139 150 167]
[138 150 167]
[138 149 166]
[137 154 168]
[137 154 168]
[136 153 168]
[136 149 167]
[136 149 166]
[136 149 167]
[135 149 166]
[135 149 166]
[135 149 166]
[134 149 166]
[134 149 166]
[134 149 166]
[134 149 167]
[255   0   0]
[132 149 166]
[132 149 166]
[132 149 167]
[131 149 166]
[131 149 166]
[131 149 166]
[130 148 166]
[130 149 166]
[130 149 166]
[129 149 167]
[129 149 166]
[128 149 167]
[128 154 168]
[127 157 169]
[126 158 169]
[126 158 169]
[125 157 169]
[125 157 169]
[124 157 169]
[124 157 169]
[124 157 169]
[124 157 169]
[123 157 169]
[123 157 169]
[123 157 169]
[122 157 169]
[122 156 169]
[122 156 169]
[121 156 169]
[121 156 169]
[121 156 169]
[120 155 169]
[119 155 169]
[119 155 168]
[118 155 168]
[118 155 168]
[118 155 168]
[117 154 168]
[117 154 168]
[116 153 168]
[116 153 168]
[116 153 168]
[115 152 168]
[115 152 168]
[114 151 167]
[114 151 168]
[113 150 167]
[113 150 168]
[113 150 167]
[113 149 167]
[112 148 166]
[111 147 166]
[111 146 166]
[110 146 166]
[110 145 166]
[109 143 165]
[100 131 153]
[31 29 32]
[156 147 164]
[156 149 165]
[156 150 166]
[155 151 166]
[154 152 166]
[153 152 166]
[152 152 166]
[152 153 166]
[152 154 167]
[151 154 167]
[151 154 167]
[151 154 167]
[150 154 167]
[150 155 167]
[149 155 167]
[149 156 168]
[148 156 167]
[148 156 167]
[148 157 168]
[147 157 168]
[147 157 168]
[147 158 169]
[146 157 168]
[146 158 169]
[145 158 168]
[145 158 169]
[145 158 169]
[145 159 169]
[144 158 169]
[144 158 169]
[143 159 169]
[142 158 168]
[142 158 169]
[142 159 169]
[142 159 169]
[141 159 169]
[141 159 169]
[141 159 169]
[141 159 169]
[140 159 169]
[140 159 169]
[140 159 169]
[140 160 170]
[139 159 168]
[139 160 169]
[138 160 169]
[138 158 169]
[138 158 168]
[137 160 169]
[136 159 169]
[136 159 169]
[136 159 169]
[136 159 169]
[135 159 169]
[135 159 169]
[135 159 169]
[134 159 169]
[133 157 168]
[133 157 168]
[133 157 168]
[133 157 168]
[134 150 166]
[133 157 169]
[132 156 168]
[131 156 168]
[131 156 168]
[131 156 168]
[131 157 169]
[130 157 168]
[130 156 169]
[130 157 169]
[129 157 169]
[129 158 169]
[128 158 169]
[128 158 169]
[128 158 169]
[128 156 168]
[127 158 169]
[127 158 169]
[127 158 169]
[126 158 169]
[126 157 168]
[125 158 169]
[125 157 169]
[124 157 169]
[124 157 169]
[124 157 169]
[123 156 168]
[123 157 169]
[123 157 169]
[122 157 169]
[122 157 169]
[121 156 168]
[121 156 169]
[122 156 169]
[121 156 169]
[120 155 168]
[119 155 168]
[120 156 169]
[119 155 168]
[118 155 168]
[118 155 168]
[117 154 168]
[118 154 168]
[117 152 167]
[117 153 168]
[116 153 168]
[115 152 167]
[116 153 168]
[115 152 167]
[114 151 167]
[114 151 167]
[113 150 167]
[113 149 167]
[113 149 166]
[113 149 166]
[111 148 166]
[111 147 166]
[111 147 167]
[110 146 166]
[109 144 165]
[109 143 165]
[ 99 129 151]
[157 148 164]
[155 149 164]
[155 150 165]
[155 151 165]
[154 152 166]
[154 153 167]
[153 153 167]
[153 153 166]
[152 153 166]
[151 153 166]
[151 154 166]
[151 155 167]
[150 155 167]
[151 156 167]
[150 156 167]
[149 156 167]
[149 156 167]
[148 156 167]
[148 156 167]
[147 156 167]
[147 158 168]
[146 157 168]
[146 157 168]
[145 157 168]
[145 158 168]
[145 158 168]
[145 159 168]
[145 159 169]
[144 159 169]
[143 158 169]
[143 159 169]
[143 159 169]
[143 159 169]
[142 159 169]
[142 159 169]
[141 159 168]
[141 159 169]
[141 159 169]
[140 159 168]
[140 159 168]
[139 159 168]
[139 159 168]
[139 159 169]
[139 159 169]
[139 160 169]
[138 159 168]
[137 159 168]
[138 160 170]
[137 160 169]
[136 160 169]
[136 160 169]
[136 159 169]
[136 159 169]
[135 159 169]
[135 160 169]
[135 159 169]
[134 160 169]
[133 159 169]
[133 159 168]
[134 160 170]
[133 160 169]
[132 159 169]
[133 159 169]
[132 159 169]
[132 159 169]
[131 159 169]
[131 159 169]
[131 159 169]
[130 159 169]
[130 158 169]
[130 158 169]
[130 159 169]
[129 158 169]
[129 159 169]
[128 158 169]
[128 159 170]
[128 158 169]
[127 158 168]
[127 158 169]
[127 158 169]
[126 158 169]
[125 157 168]
[125 158 169]
[125 158 169]
[124 157 169]
[124 157 168]
[124 157 169]
[124 157 169]
[124 157 169]
[123 157 169]
[123 157 169]
[122 156 168]
[122 156 169]
[121 156 168]
[122 156 169]
[120 156 168]
[120 156 168]
[120 156 169]
[119 156 168]
[118 155 168]
[119 155 168]
[118 155 168]
[118 154 168]
[118 153 168]
[117 153 167]
[116 153 167]
[115 152 167]
[116 152 167]
[115 152 168]
[115 152 167]
[114 151 166]
[113 150 166]
[113 150 167]
[113 149 166]
[112 148 166]
[112 148 166]
[112 148 166]
[111 147 166]
[111 147 166]
[110 146 166]
[109 144 165]
[109 142 165]
[100 129 151]
[156 148 163]
[156 149 164]
[154 150 164]
[155 151 165]
[154 151 165]
[153 152 166]
[152 152 165]
[153 153 166]
[152 153 166]
[152 154 166]
[151 154 166]
[151 155 167]
[150 155 167]
[150 155 166]
[149 155 166]
[149 156 167]
[149 156 167]
[148 156 167]
[148 157 167]
[148 157 168]
[147 157 167]
[146 157 168]
[146 157 168]
[146 158 168]
[146 158 168]
[145 158 168]
[145 158 168]
[145 158 168]
[144 158 168]
[143 158 168]
[143 158 168]
[143 159 168]
[142 159 168]
[142 159 168]
[142 158 168]
[141 159 168]
[141 159 168]
[141 159 168]
[140 159 168]
[140 159 168]
[140 159 168]
[140 159 169]
[139 159 169]
[138 159 168]
[139 160 169]
[138 160 169]
[138 160 169]
[138 160 169]
[137 160 169]
[137 160 169]
[136 160 169]
[136 160 169]
[136 160 169]
[136 160 169]
[135 159 169]
[135 159 169]
[134 160 169]
[134 160 169]
[134 160 169]
[133 160 169]
[133 159 168]
[133 160 169]
[132 160 169]
[132 159 169]
[132 159 169]
[131 159 169]
[131 159 168]
[131 159 169]
[130 158 168]
[130 159 169]
[130 159 169]
[129 158 168]
[129 158 169]
[128 158 168]
[128 158 169]
[128 158 169]
[128 158 169]
[127 158 168]
[126 158 168]
[126 158 168]
[126 158 168]
[125 157 168]
[125 158 169]
[125 158 169]
[124 157 168]
[124 157 168]
[124 157 169]
[123 157 168]
[123 157 168]
[123 157 168]
[123 156 168]
[123 157 168]
[122 156 168]
[121 156 168]
[121 156 168]
[120 155 167]
[120 155 168]
[120 154 168]
[119 155 167]
[118 154 167]
[119 154 168]
[118 154 167]
[118 154 167]
[118 154 168]
[116 153 167]
[116 153 167]
[116 152 167]
[115 152 167]
[115 152 167]
[115 152 167]
[114 151 166]
[114 151 167]
[113 150 167]
[113 150 167]
[113 149 165]
[112 149 166]
[112 148 166]
[111 147 166]
[110 146 165]
[110 145 165]
[109 144 165]
[109 142 164]
[64 83 97]
[157 147 164]
[156 149 164]
[155 150 164]
[155 151 165]
[154 152 165]
[153 152 165]
[153 153 165]
[152 153 166]
[152 153 166]
[152 154 166]
[151 154 166]
[151 155 166]
[150 154 166]
[255   0   0]
[149 156 167]
[149 156 166]
[148 156 166]
[148 156 166]
[148 156 167]
[147 157 167]
[146 156 167]
[146 157 167]
[146 157 167]
[146 157 167]
[146 158 168]
[145 157 167]
[144 157 167]
[144 157 167]
[144 158 167]
[143 158 167]
[144 159 168]
[143 158 168]
[142 158 168]
[142 159 168]
[142 160 168]
[141 159 169]
[141 159 168]
[141 159 168]
[140 159 168]
[140 159 168]
[140 159 168]
[139 159 168]
[139 159 168]
[139 160 169]
[139 160 169]
[138 160 168]
[137 159 168]
[137 160 168]
[137 160 168]
[137 160 168]
[136 160 168]
[136 160 168]
[136 160 169]
[136 160 169]
[135 160 168]
[135 160 169]
[135 160 168]
[134 159 169]
[133 159 168]
[133 160 169]
[133 159 169]
[133 160 168]
[132 159 168]
[132 159 168]
[132 159 168]
[132 159 169]
[131 159 168]
[131 159 168]
[130 159 168]
[130 158 168]
[130 159 168]
[129 159 168]
[129 158 168]
[128 158 168]
[128 158 168]
[128 159 169]
[128 158 168]
[127 158 168]
[127 158 168]
[126 158 168]
[126 158 168]
[126 158 168]
[125 157 168]
[125 158 168]
[125 157 168]
[124 157 168]
[124 157 168]
[123 157 168]
[123 157 168]
[123 157 168]
[122 156 168]
[122 156 168]
[122 156 168]
[121 156 168]
[121 156 168]
[121 156 168]
[120 155 167]
[120 155 167]
[119 155 167]
[118 154 167]
[119 154 167]
[118 154 167]
[118 154 168]
[117 153 167]
[117 153 167]
[116 153 167]
[116 152 166]
[116 153 167]
[116 152 167]
[115 152 166]
[114 151 166]
[114 150 166]
[113 150 166]
[112 149 165]
[112 149 165]
[112 148 165]
[111 147 165]
[111 147 166]
[110 146 164]
[110 145 165]
[109 143 164]
[109 142 164]
[157 146 163]
[156 148 163]
[155 149 164]
[155 151 164]
[155 152 165]
[154 152 165]
[154 153 166]
[153 153 166]
[152 153 165]
[151 153 165]
[151 154 166]
[150 154 165]
[150 156 167]
[150 156 166]
[150 156 166]
[149 156 166]
[148 156 166]
[148 156 166]
[147 156 167]
[147 157 167]
[147 157 167]
[146 157 166]
[146 157 167]
[147 158 167]
[146 158 167]
[145 158 167]
[145 158 167]
[145 158 168]
[144 158 167]
[143 158 167]
[144 158 168]
[143 158 167]
[142 158 167]
[142 159 168]
[142 159 168]
[141 159 168]
[141 159 168]
[141 159 168]
[141 159 168]
[140 159 168]
[139 159 168]
[139 158 167]
[139 159 168]
[139 159 168]
[139 160 169]
[138 160 168]
[137 159 168]
[137 160 168]
[137 159 168]
[137 160 168]
[136 159 168]
[136 160 168]
[136 160 169]
[136 160 168]
[136 160 168]
[135 160 168]
[134 159 168]
[134 159 168]
[133 159 168]
[133 159 168]
[132 159 168]
[133 159 168]
[132 159 168]
[132 159 168]
[131 159 168]
[130 158 167]
[131 159 168]
[131 159 168]
[131 159 168]
[130 159 168]
[130 159 168]
[129 158 168]
[129 159 168]
[128 158 168]
[128 159 168]
[128 159 168]
[128 159 169]
[127 158 168]
[127 158 168]
[126 158 168]
[126 158 168]
[125 157 167]
[125 157 168]
[126 158 169]
[125 157 168]
[125 157 168]
[123 156 167]
[124 157 168]
[123 156 167]
[122 156 168]
[123 157 168]
[121 156 167]
[122 156 167]
[121 155 167]
[120 155 167]
[120 155 167]
[121 155 168]
[120 155 168]
[119 154 167]
[119 154 167]
[118 154 166]
[118 154 167]
[117 153 166]
[117 154 167]
[117 153 167]
[116 153 166]
[116 152 166]
[116 152 166]
[116 152 167]
[115 151 166]
[114 150 166]
[114 150 166]
[113 150 165]
[112 149 165]
[112 149 165]
[112 148 165]
[111 148 165]
[110 146 164]
[110 145 164]
[109 144 164]
[109 143 163]
[109 142 164]
[157 146 163]
[156 148 163]
[155 149 163]
[154 151 164]
[154 151 164]
[154 152 165]
[153 152 165]
[152 153 165]
[152 153 165]
[151 153 165]
[151 154 166]
[150 155 166]
[150 156 166]
[150 156 166]
[150 156 166]
[149 156 166]
[149 156 166]
[149 157 167]
[148 157 167]
[147 157 166]
[147 157 167]
[146 157 167]
[146 157 167]
[146 157 167]
[146 158 167]
[145 158 167]
[145 158 167]
[144 158 167]
[144 158 167]
[144 159 168]
[144 158 167]
[143 158 167]
[143 158 167]
[142 158 167]
[142 159 168]
[141 158 167]
[141 158 167]
[140 158 167]
[141 159 168]
[141 159 168]
[139 159 167]
[139 159 168]
[139 159 167]
[139 159 168]
[138 159 168]
[138 159 168]
[138 159 168]
[137 159 167]
[137 160 168]
[136 158 167]
[136 159 168]
[136 159 168]
[136 160 168]
[136 159 168]
[135 159 168]
[135 160 168]
[135 159 168]
[134 160 168]
[133 159 168]
[134 160 168]
[133 159 168]
[133 160 168]
[132 159 167]
[132 159 168]
[131 159 168]
[132 159 168]
[131 159 168]
[131 159 168]
[130 159 167]
[130 158 168]
[129 158 167]
[129 158 168]
[128 158 167]
[128 158 167]
[128 158 168]
[128 158 168]
[128 159 168]
[127 158 168]
[127 158 168]
[127 158 168]
[126 158 167]
[126 158 168]
[125 158 167]
[125 158 168]
[125 157 168]
[124 157 167]
[124 157 168]
[124 157 168]
[123 157 168]
[123 156 167]
[122 156 168]
[122 156 167]
[121 156 167]
[121 156 167]
[121 155 168]
[121 156 167]
[121 155 167]
[120 155 167]
[120 155 167]
[119 154 167]
[119 155 167]
[117 153 166]
[117 153 166]
[117 153 166]
[117 153 166]
[117 153 167]
[116 152 166]
[115 151 165]
[115 151 165]
[115 151 165]
[114 151 166]
[114 151 166]
[113 150 165]
[113 149 165]
[112 149 165]
[112 148 165]
[111 147 164]
[111 147 164]
[110 146 164]
[109 145 164]
[109 143 163]
[109 141 163]
[157 145 161]
[156 148 163]
[156 149 163]
[154 150 163]
[154 152 164]
[154 152 164]
[153 152 164]
[152 153 164]
[152 154 165]
[152 154 165]
[151 154 165]
[151 155 166]
[150 155 166]
[150 155 165]
[150 156 166]
[149 156 166]
[149 156 166]
[149 157 166]
[148 157 167]
[147 157 166]
[147 157 167]
[147 157 166]
[146 157 166]
[146 157 166]
[146 158 167]
[146 158 167]
[145 158 167]
[145 158 167]
[144 158 167]
[144 158 167]
[144 159 167]
[143 158 167]
[143 159 167]
[142 158 167]
[142 158 167]
[142 159 167]
[141 159 167]
[141 159 168]
[140 158 167]
[140 158 167]
[140 159 168]
[139 159 167]
[140 159 168]
[139 159 168]
[139 159 168]
[138 159 168]
[138 159 167]
[138 160 168]
[137 158 167]
[137 156 166]
[137 156 166]
[136 159 168]
[136 159 168]
[136 160 168]
[135 160 168]
[135 159 168]
[135 159 168]
[134 159 168]
[133 159 168]
[133 159 168]
[133 159 168]
[133 159 168]
[132 159 167]
[132 159 167]
[132 159 168]
[131 159 168]
[131 159 167]
[131 159 168]
[130 159 168]
[130 158 167]
[130 158 167]
[129 159 168]
[128 158 167]
[128 158 168]
[128 158 167]
[128 159 168]
[127 158 167]
[127 158 167]
[127 158 167]
[126 157 167]
[126 158 167]
[126 158 167]
[125 157 167]
[125 158 167]
[125 157 167]
[124 157 167]
[124 157 167]
[123 157 167]
[123 156 167]
[123 157 167]
[122 156 167]
[122 156 167]
[122 156 167]
[121 155 167]
[121 156 167]
[120 155 167]
[120 155 167]
[120 155 167]
[120 155 167]
[119 154 167]
[118 154 166]
[118 154 166]
[117 153 166]
[118 154 167]
[117 153 166]
[117 153 166]
[116 152 165]
[116 152 166]
[115 152 166]
[115 151 165]
[114 151 165]
[114 150 165]
[113 150 165]
[113 150 165]
[112 149 165]
[112 148 164]
[111 148 165]
[111 146 164]
[110 146 164]
[109 145 163]
[109 143 163]
[108 140 162]
[34 32 35]
[156 148 163]
[156 150 164]
[155 150 163]
[154 151 164]
[154 152 164]
[152 152 163]
[153 153 164]
[152 153 165]
[152 154 165]
[151 154 165]
[151 154 165]
[150 155 165]
[150 155 165]
[150 156 166]
[150 156 166]
[148 156 165]
[148 157 166]
[147 157 166]
[148 157 166]
[147 157 166]
[147 157 166]
[147 157 166]
[146 158 166]
[146 158 166]
[145 158 166]
[145 158 166]
[145 158 167]
[145 158 167]
[144 159 167]
[144 158 167]
[143 158 166]
[143 158 167]
[142 158 167]
[142 158 167]
[141 158 166]
[141 158 167]
[141 158 167]
[141 159 167]
[140 159 167]
[140 159 167]
[139 159 167]
[140 159 167]
[139 159 167]
[139 159 167]
[139 159 168]
[138 159 167]
[137 158 167]
[137 159 167]
[137 157 166]
[136 158 166]
[136 158 167]
[136 160 168]
[136 159 167]
[134 158 167]
[134 159 167]
[134 159 167]
[134 159 168]
[134 159 167]
[134 158 167]
[133 159 167]
[132 158 167]
[132 159 167]
[132 159 168]
[131 159 167]
[131 159 167]
[131 159 167]
[131 159 167]
[130 158 167]
[130 159 167]
[130 158 167]
[129 158 167]
[129 158 167]
[129 159 168]
[128 158 167]
[128 158 167]
[128 158 168]
[127 158 167]
[127 158 167]
[127 158 167]
[126 157 167]
[126 158 167]
[126 158 167]
[125 157 167]
[125 157 168]
[124 157 167]
[124 157 167]
[124 157 167]
[123 157 167]
[122 156 166]
[122 156 167]
[121 155 166]
[122 156 166]
[121 156 167]
[121 155 166]
[120 155 166]
[120 155 167]
[120 155 166]
[120 155 167]
[119 154 166]
[119 154 167]
[118 154 166]
[118 153 166]
[117 153 166]
[117 153 166]
[117 153 165]
[116 152 166]
[115 151 165]
[115 151 165]
[115 151 165]
[114 150 165]
[113 150 164]
[113 149 164]
[112 149 164]
[112 149 164]
[112 148 164]
[112 147 164]
[111 147 164]
[111 146 164]
[110 145 163]
[109 142 162]
[108 140 161]
[34 32 35]
[156 147 162]
[155 149 162]
[154 149 162]
[154 151 163]
[154 152 163]
[153 152 164]
[153 153 164]
[152 153 164]
[152 154 164]
[151 154 165]
[151 154 165]
[150 154 165]
[150 155 165]
[150 156 166]
[149 155 165]
[150 157 166]
[148 156 165]
[148 156 165]
[147 156 166]
[147 157 166]
[148 158 166]
[146 156 165]
[147 158 166]
[146 158 167]
[145 157 166]
[146 158 167]
[145 159 167]
[145 159 167]
[144 158 166]
[144 158 167]
[144 159 167]
[142 158 167]
[142 158 166]
[142 159 167]
[142 158 166]
[142 159 167]
[141 159 167]
[140 158 167]
[140 158 166]
[140 159 167]
[140 159 167]
[139 158 166]
[139 159 167]
[139 159 167]
[139 160 167]
[138 159 167]
[138 159 167]
[138 160 168]
[137 159 167]
[136 159 167]
[136 159 167]
[136 159 168]
[135 160 167]
[135 159 167]
[135 159 167]
[134 159 167]
[133 159 166]
[134 160 168]
[133 158 167]
[133 159 168]
[133 159 167]
[132 159 167]
[132 159 167]
[132 159 167]
[132 159 167]
[132 159 168]
[130 158 167]
[131 159 167]
[130 158 167]
[130 158 167]
[129 158 167]
[129 158 167]
[129 159 167]
[128 159 167]
[128 159 167]
[128 158 167]
[127 157 167]
[127 158 167]
[126 158 167]
[126 158 167]
[125 157 167]
[125 157 167]
[125 158 167]
[125 158 167]
[125 157 167]
[124 157 167]
[124 157 167]
[123 156 166]
[123 157 167]
[122 156 166]
[122 156 167]
[121 156 167]
[121 156 167]
[121 156 167]
[120 155 166]
[120 155 166]
[120 155 166]
[119 154 166]
[119 154 165]
[118 154 166]
[118 154 166]
[118 153 166]
[117 153 165]
[117 153 165]
[117 153 166]
[116 152 165]
[115 151 165]
[115 151 165]
[114 151 165]
[114 151 165]
[113 150 164]
[114 150 165]
[112 149 164]
[112 149 164]
[112 148 164]
[111 147 163]
[111 146 163]
[110 145 163]
[109 144 162]
[109 143 162]
[107 139 161]
[34 31 34]
[157 148 162]
[155 149 162]
[155 150 163]
[154 151 163]
[154 152 163]
[153 152 164]
[153 152 163]
[153 153 164]
[151 153 164]
[151 154 165]
[151 154 164]
[151 155 165]
[150 155 165]
[150 155 164]
[149 155 165]
[149 156 165]
[148 156 165]
[148 157 165]
[148 157 166]
[148 157 166]
[147 157 165]
[146 157 166]
[146 157 165]
[146 158 166]
[145 158 166]
[145 158 166]
[145 158 166]
[144 158 166]
[144 158 166]
[144 158 167]
[143 159 167]
[142 158 166]
[143 159 166]
[142 159 167]
[142 159 166]
[141 159 166]
[141 159 167]
[140 159 167]
[140 159 166]
[140 159 166]
[140 159 167]
[140 159 167]
[139 159 167]
[139 160 167]
[139 160 167]
[138 159 166]
[138 159 167]
[137 159 167]
[137 159 167]
[136 159 167]
[135 159 166]
[135 159 167]
[135 159 166]
[135 160 167]
[134 159 167]
[134 159 167]
[133 159 166]
[133 159 167]
[133 159 167]
[133 159 167]
[132 159 167]
[132 159 167]
[132 159 167]
[132 159 167]
[132 159 167]
[131 159 167]
[131 159 167]
[130 159 167]
[130 158 167]
[129 158 167]
[129 158 167]
[129 158 167]
[129 158 167]
[128 158 167]
[127 158 166]
[128 158 167]
[128 158 167]
[127 158 167]
[126 157 166]
[126 158 167]
[126 158 167]
[126 158 167]
[125 157 166]
[124 157 166]
[124 157 166]
[124 157 166]
[123 157 166]
[123 157 166]
[123 156 165]
[123 156 166]
[122 156 166]
[121 156 166]
[121 155 166]
[121 156 167]
[121 155 166]
[120 155 166]
[120 154 165]
[119 154 165]
[119 154 166]
[118 153 165]
[118 153 165]
[118 154 166]
[117 153 165]
[116 153 165]
[116 152 165]
[115 152 165]
[115 152 165]
[115 151 165]
[115 151 165]
[114 150 164]
[114 150 164]
[113 150 164]
[112 149 163]
[112 148 163]
[112 147 163]
[111 147 163]
[111 146 163]
[110 145 163]
[109 144 162]
[109 143 162]
[108 139 160]
[12 11 12]
[156 147 160]
[155 149 161]
[154 149 162]
[154 151 163]
[154 151 163]
[153 152 163]
[153 152 163]
[152 152 163]
[152 153 164]
[151 154 164]
[151 154 164]
[151 155 164]
[151 155 164]
[150 155 164]
[149 156 165]
[149 156 165]
[149 156 165]
[148 156 165]
[148 157 165]
[148 157 166]
[147 157 165]
[147 157 165]
[146 157 165]
[146 158 165]
[145 157 166]
[145 158 166]
[144 158 165]
[144 158 166]
[144 158 166]
[143 158 166]
[143 158 166]
[143 158 166]
[143 159 166]
[142 158 166]
[142 159 166]
[141 158 166]
[141 159 166]
[141 159 166]
[140 159 166]
[140 159 166]
[139 159 166]
[140 159 166]
[139 159 166]
[139 160 167]
[139 160 167]
[138 159 166]
[138 159 167]
[137 159 167]
[137 159 166]
[136 159 166]
[136 159 166]
[135 159 166]
[135 159 167]
[135 160 167]
[134 159 166]
[134 159 166]
[134 159 167]
[133 159 166]
[133 158 167]
[133 159 167]
[132 159 166]
[132 159 166]
[132 159 166]
[132 159 167]
[131 159 166]
[131 158 166]
[131 159 167]
[130 159 166]
[130 159 167]
[129 158 166]
[129 158 166]
[129 158 167]
[129 159 167]
[128 158 166]
[128 159 167]
[128 158 167]
[127 158 167]
[127 158 166]
[126 158 166]
[126 158 167]
[126 158 166]
[125 157 166]
[125 158 167]
[125 157 167]
[124 157 166]
[124 157 166]
[123 156 166]
[123 156 166]
[123 157 166]
[123 156 167]
[122 156 166]
[121 156 166]
[121 156 166]
[121 156 166]
[121 156 166]
[120 155 165]
[120 154 165]
[119 154 165]
[119 154 165]
[119 154 166]
[118 153 165]
[117 153 165]
[117 153 165]
[116 153 165]
[116 152 165]
[116 152 165]
[115 152 165]
[115 151 165]
[114 151 164]
[114 151 164]
[114 151 164]
[113 150 164]
[112 149 163]
[112 149 163]
[112 147 163]
[111 147 163]
[110 145 162]
[110 145 163]
[110 144 162]
[109 142 161]
[108 139 160]
[156 148 161]
[156 149 162]
[155 150 162]
[155 151 163]
[154 151 163]
[154 152 163]
[153 153 163]
[152 153 163]
[152 153 163]
[151 154 163]
[150 154 163]
[151 155 164]
[151 155 164]
[150 155 164]
[149 155 164]
[148 155 164]
[148 156 165]
[148 156 165]
[147 156 165]
[147 156 165]
[147 157 165]
[146 157 165]
[146 157 165]
[146 157 165]
[145 157 165]
[145 158 166]
[145 158 166]
[144 158 165]
[144 158 166]
[143 158 166]
[144 159 166]
[143 158 166]
[142 158 166]
[143 159 166]
[142 158 165]
[142 159 166]
[141 159 165]
[141 159 165]
[140 159 166]
[140 159 166]
[139 159 165]
[139 159 166]
[139 159 166]
[139 159 166]
[138 159 166]
[138 160 166]
[137 159 166]
[138 159 167]
[138 160 167]
[136 159 166]
[136 159 166]
[136 160 167]
[135 160 166]
[135 160 166]
[134 159 166]
[135 160 167]
[134 159 166]
[134 159 166]
[133 159 166]
[133 159 166]
[132 159 166]
[132 158 166]
[133 160 167]
[132 159 166]
[132 159 166]
[130 158 165]
[131 159 166]
[130 158 166]
[130 159 166]
[130 158 166]
[129 158 166]
[128 158 166]
[129 159 167]
[128 159 167]
[128 158 166]
[128 158 166]
[127 158 166]
[127 158 166]
[127 158 167]
[127 158 167]
[125 157 166]
[125 157 166]
[125 158 166]
[125 157 166]
[124 157 166]
[124 156 166]
[124 157 166]
[123 156 165]
[122 156 165]
[123 156 166]
[122 156 166]
[121 155 165]
[121 155 165]
[121 156 166]
[120 155 165]
[120 155 165]
[119 154 165]
[119 155 165]
[118 154 165]
[118 154 165]
[118 154 165]
[118 153 165]
[117 153 165]
[116 152 164]
[115 152 164]
[116 152 165]
[115 152 164]
[115 152 165]
[115 151 164]
[114 150 163]
[114 150 164]
[113 150 163]
[112 149 163]
[112 149 163]
[111 147 162]
[111 147 162]
[110 146 162]
[110 145 162]
[110 144 162]
[108 141 161]
[30 38 45]
[157 147 160]
[156 149 161]
[155 150 162]
[155 151 162]
[154 151 162]
[154 152 163]
[153 152 163]
[153 153 163]
[152 153 163]
[152 154 164]
[151 154 164]
[151 154 164]
[151 155 164]
[150 156 164]
[149 155 164]
[149 156 164]
[149 156 164]
[148 156 165]
[148 157 165]
[147 157 165]
[147 157 164]
[147 158 165]
[146 158 165]
[146 157 165]
[145 157 165]
[145 158 166]
[145 159 166]
[144 158 165]
[143 158 165]
[144 159 166]
[143 158 165]
[143 159 166]
[143 158 165]
[142 159 165]
[142 159 166]
[141 159 165]
[141 159 165]
[141 159 165]
[141 159 166]
[140 159 166]
[140 159 166]
[140 159 165]
[139 159 165]
[138 159 165]
[139 159 166]
[138 159 166]
[138 159 166]
[137 158 165]
[137 159 166]
[136 159 166]
[136 159 166]
[136 160 166]
[136 160 167]
[134 159 166]
[135 160 166]
[134 159 166]
[134 159 166]
[134 160 167]
[134 160 166]
[132 159 166]
[133 159 166]
[133 159 166]
[132 159 166]
[132 159 166]
[131 159 166]
[131 159 166]
[130 158 166]
[130 159 166]
[130 159 166]
[130 158 166]
[129 158 166]
[129 159 166]
[129 159 166]
[128 158 166]
[128 158 166]
[128 159 167]
[127 158 166]
[127 158 166]
[127 158 166]
[127 158 166]
[126 158 166]
[126 158 166]
[125 157 166]
[125 157 166]
[124 157 165]
[123 156 165]
[124 157 166]
[123 157 165]
[123 156 166]
[122 156 165]
[122 156 165]
[122 156 166]
[121 155 165]
[121 156 166]
[121 156 165]
[120 155 165]
[120 155 165]
[119 155 165]
[119 154 165]
[118 154 164]
[118 153 165]
[117 153 165]
[117 153 165]
[117 153 165]
[116 153 164]
[115 152 164]
[115 151 163]
[115 151 164]
[114 151 164]
[114 150 163]
[114 150 163]
[113 150 163]
[112 149 163]
[112 148 163]
[112 148 162]
[111 147 162]
[110 146 162]
[110 145 161]
[109 143 162]
[109 142 161]
[24 30 35]
[157 147 160]
[156 148 160]
[155 150 161]
[155 151 162]
[154 152 162]
[154 151 162]
[153 152 162]
[152 153 162]
[152 154 163]
[152 154 163]
[151 154 163]
[150 154 163]
[150 155 163]
[150 155 164]
[149 155 164]
[148 155 163]
[149 156 164]
[148 156 164]
[148 157 164]
[148 157 164]
[147 157 165]
[147 157 164]
[146 157 164]
[146 157 164]
[145 158 165]
[145 158 165]
[144 158 165]
[144 158 165]
[144 159 165]
[144 158 165]
[143 158 165]
[143 158 165]
[142 158 165]
[142 158 165]
[142 159 165]
[141 159 165]
[141 159 165]
[141 159 165]
[141 160 166]
[140 159 165]
[140 159 166]
[140 159 166]
[140 160 166]
[139 159 165]
[139 159 166]
[138 159 166]
[138 159 166]
[138 159 166]
[137 159 166]
[137 159 166]
[137 160 166]
[136 160 166]
[135 160 166]
[135 160 166]
[135 160 166]
[134 159 166]
[135 160 166]
[133 159 165]
[133 159 165]
[133 159 165]
[132 159 166]
[132 158 165]
[132 159 166]
[132 159 166]
[131 159 165]
[131 159 166]
[131 159 166]
[131 159 166]
[130 159 166]
[130 159 166]
[129 158 165]
[129 158 166]
[129 159 166]
[128 158 166]
[128 158 166]
[127 158 165]
[127 159 166]
[127 158 166]
[126 158 166]
[126 157 165]
[126 158 166]
[126 158 166]
[125 157 166]
[125 157 166]
[124 157 165]
[124 157 165]
[123 157 165]
[123 157 165]
[123 156 165]
[123 156 165]
[122 156 165]
[122 156 165]
[121 155 165]
[121 156 165]
[121 156 165]
[120 155 165]
[120 155 165]
[119 155 164]
[119 155 165]
[118 154 164]
[118 154 165]
[117 153 164]
[117 153 164]
[116 153 164]
[116 152 164]
[116 153 164]
[115 152 163]
[115 151 163]
[114 151 163]
[114 150 163]
[114 150 163]
[113 150 163]
[112 149 162]
[112 149 162]
[111 148 162]
[111 147 162]
[110 146 162]
[110 145 161]
[109 144 161]
[109 142 160]
[23 30 35]
[78 73 80]
[156 148 160]
[156 150 161]
[154 150 161]
[154 151 161]
[153 151 161]
[153 152 162]
[153 153 162]
[151 153 162]
[152 154 163]
[152 155 163]
[151 154 163]
[150 155 163]
[149 155 163]
[149 155 163]
[148 155 163]
[148 155 163]
[149 156 164]
[148 157 164]
[147 157 164]
[147 157 164]
[147 157 164]
[146 158 164]
[146 158 165]
[146 158 165]
[145 158 165]
[145 158 165]
[145 158 165]
[143 158 164]
[144 159 165]
[143 158 165]
[143 158 165]
[142 158 165]
[142 159 165]
[142 159 165]
[142 159 165]
[141 159 165]
[141 159 165]
[140 159 165]
[140 159 165]
[140 159 166]
[139 159 165]
[139 159 165]
[139 160 166]
[138 159 165]
[138 159 165]
[138 159 165]
[137 159 166]
[137 160 166]
[136 159 165]
[136 160 166]
[135 159 166]
[136 160 166]
[135 160 166]
[135 160 166]
[134 159 165]
[133 159 166]
[134 159 165]
[134 159 166]
[133 159 165]
[133 159 166]
[133 159 165]
[132 159 165]
[131 159 165]
[131 159 165]
[131 159 166]
[130 159 165]
[130 159 166]
[130 158 165]
[130 159 166]
[129 159 166]
[128 158 165]
[128 158 165]
[128 158 165]
[127 158 165]
[128 158 165]
[127 158 165]
[127 158 165]
[126 157 165]
[126 157 165]
[125 157 165]
[125 158 166]
[125 157 165]
[125 157 166]
[124 157 165]
[124 157 165]
[123 156 165]
[124 157 166]
[123 156 165]
[122 156 165]
[122 156 165]
[121 155 164]
[121 156 165]
[121 156 165]
[120 155 164]
[120 156 165]
[119 155 164]
[119 155 164]
[118 154 164]
[119 154 164]
[117 153 164]
[117 153 163]
[117 153 164]
[117 154 164]
[116 153 163]
[115 152 163]
[115 151 163]
[114 150 162]
[115 151 163]
[114 150 163]
[113 150 162]
[113 149 162]
[112 149 162]
[112 149 162]
[112 148 162]
[110 146 161]
[110 145 161]
[110 144 161]
[109 143 161]
[108 141 159]
[24 30 35]
[79 74 80]
[157 148 160]
[156 150 161]
[155 150 160]
[154 151 161]
[153 151 161]
[153 152 162]
[152 153 162]
[152 153 162]
[151 153 162]
[151 154 163]
[151 155 163]
[150 155 163]
[149 155 162]
[149 155 162]
[149 156 164]
[149 156 164]
[149 157 164]
[148 156 163]
[148 157 164]
[147 157 164]
[146 157 163]
[146 157 164]
[146 158 165]
[145 157 164]
[145 158 164]
[145 158 165]
[144 158 165]
[144 158 164]
[144 159 165]
[144 158 165]
[143 159 165]
[142 158 164]
[142 158 164]
[142 159 165]
[142 160 165]
[141 159 165]
[141 159 165]
[141 159 165]
[141 159 165]
[139 159 165]
[139 159 165]
[139 159 165]
[138 158 165]
[139 159 166]
[138 159 165]
[138 159 166]
[137 159 164]
[137 160 166]
[136 160 165]
[136 160 166]
[135 159 165]
[135 159 165]
[135 160 166]
[134 159 165]
[135 160 166]
[134 159 165]
[134 159 165]
[133 159 165]
[133 159 165]
[132 159 165]
[132 159 165]
[132 159 165]
[131 159 165]
[131 159 165]
[131 159 165]
[130 158 165]
[130 158 165]
[130 159 165]
[129 158 164]
[129 159 165]
[128 158 165]
[128 158 165]
[128 158 165]
[128 159 166]
[128 158 165]
[128 159 165]
[127 158 165]
[126 158 165]
[126 158 165]
[125 157 165]
[125 157 165]
[125 158 166]
[124 157 165]
[124 157 165]
[124 157 165]
[123 157 165]
[123 156 165]
[123 156 165]
[122 156 165]
[122 156 164]
[121 155 164]
[121 156 165]
[120 155 164]
[121 156 165]
[120 155 164]
[119 155 164]
[119 155 164]
[118 154 164]
[118 154 164]
[118 154 164]
[117 153 163]
[117 153 164]
[116 153 163]
[116 152 163]
[116 151 162]
[115 151 163]
[115 151 163]
[114 151 163]
[114 150 163]
[113 150 163]
[113 149 162]
[113 149 162]
[112 148 162]
[111 147 161]
[111 146 161]
[110 145 161]
[110 144 161]
[110 142 160]
[108 140 159]
[78 73 79]
[157 148 159]
[156 149 160]
[155 150 161]
[154 151 161]
[154 151 161]
[153 153 162]
[153 153 162]
[152 154 162]
[151 153 162]
[151 154 162]
[151 155 163]
[150 155 163]
[150 156 163]
[149 156 163]
[148 155 162]
[148 155 163]
[148 156 163]
[148 157 164]
[148 157 164]
[146 156 163]
[146 157 163]
[146 157 163]
[146 158 164]
[145 157 164]
[145 157 163]
[145 158 165]
[145 158 164]
[144 158 164]
[144 158 164]
[143 158 164]
[143 159 164]
[142 158 164]
[142 158 164]
[141 158 164]
[141 158 164]
[141 159 165]
[141 160 165]
[140 159 165]
[140 159 164]
[140 159 165]
[139 159 165]
[139 159 165]
[139 159 165]
[138 159 165]
[138 159 165]
[138 159 165]
[137 159 165]
[137 159 165]
[136 159 165]
[136 159 165]
[135 159 165]
[135 159 165]
[135 159 165]
[135 159 165]
[134 159 165]
[134 159 165]
[133 159 165]
[133 159 165]
[133 159 165]
[132 159 165]
[132 159 165]
[132 159 165]
[132 159 165]
[131 159 165]
[131 159 165]
[131 159 165]
[130 159 165]
[129 158 164]
[129 158 164]
[129 158 165]
[128 158 165]
[128 158 165]
[128 158 165]
[128 158 165]
[127 158 165]
[127 158 165]
[126 157 164]
[126 158 165]
[126 158 165]
[126 158 165]
[125 158 165]
[125 158 165]
[125 157 165]
[124 157 165]
[123 156 164]
[123 156 165]
[123 156 165]
[123 156 165]
[123 156 165]
[122 155 164]
[121 155 164]
[121 155 164]
[121 156 164]
[120 155 164]
[120 155 164]
[120 155 163]
[119 154 163]
[118 154 163]
[118 154 164]
[117 154 164]
[117 154 164]
[117 152 162]
[116 153 163]
[116 152 163]
[115 151 162]
[115 151 163]
[114 151 162]
[114 151 163]
[113 150 162]
[113 149 162]
[113 149 162]
[112 148 162]
[112 148 162]
[111 147 161]
[111 147 161]
[110 145 161]
[110 144 161]
[108 142 159]
[108 140 159]
[79 73 79]
[157 148 159]
[155 148 159]
[155 150 160]
[154 151 160]
[154 151 161]
[153 152 161]
[153 153 161]
[153 154 162]
[152 154 162]
[152 154 162]
[151 155 162]
[150 155 162]
[150 155 162]
[150 156 163]
[149 156 163]
[149 156 163]
[148 156 163]
[148 156 163]
[147 156 163]
[147 157 163]
[146 157 163]
[146 157 163]
[146 157 163]
[145 157 164]
[145 157 164]
[145 158 163]
[145 158 164]
[144 158 164]
[144 158 164]
[143 158 164]
[143 158 164]
[142 158 164]
[142 158 164]
[142 159 164]
[141 159 165]
[141 159 164]
[141 159 164]
[140 159 164]
[140 159 164]
[139 159 164]
[140 159 165]
[139 159 165]
[138 159 165]
[138 158 164]
[138 159 165]
[138 160 165]
[138 160 165]
[137 160 165]
[136 160 165]
[136 160 165]
[135 159 164]
[135 160 165]
[135 160 165]
[135 159 165]
[134 159 165]
[134 159 165]
[133 159 164]
[133 159 164]
[133 159 164]
[133 159 165]
[132 159 165]
[133 159 165]
[132 160 165]
[131 159 164]
[131 159 164]
[130 159 164]
[130 159 165]
[130 158 165]
[130 159 165]
[129 158 164]
[128 158 164]
[128 158 165]
[128 158 165]
[127 158 164]
[127 158 164]
[126 158 164]
[126 157 164]
[126 158 164]
[126 158 165]
[125 157 164]
[125 157 164]
[125 158 165]
[124 157 164]
[123 157 164]
[123 157 164]
[123 157 164]
[123 156 164]
[122 156 164]
[122 155 163]
[122 155 163]
[122 155 164]
[121 155 163]
[121 155 163]
[120 155 163]
[120 155 163]
[120 155 163]
[119 154 163]
[118 154 163]
[117 153 163]
[117 154 163]
[117 154 163]
[117 153 163]
[116 153 163]
[116 152 162]
[116 152 163]
[115 151 163]
[115 151 163]
[114 151 162]
[113 150 162]
[113 149 161]
[113 149 161]
[112 148 161]
[111 147 161]
[111 147 160]
[110 146 160]
[110 145 160]
[109 144 159]
[109 143 159]
[108 140 158]
[157 147 159]
[156 148 159]
[156 150 160]
[154 150 159]
[154 151 161]
[153 152 160]
[153 153 161]
[152 154 161]
[152 154 161]
[151 154 162]
[150 154 161]
[151 156 162]
[149 154 161]
[149 155 162]
[149 156 162]
[149 156 163]
[148 156 162]
[148 156 163]
[147 157 163]
[147 157 163]
[146 157 163]
[146 157 163]
[146 158 163]
[146 158 163]
[145 157 163]
[145 158 164]
[145 158 164]
[144 158 163]
[144 159 164]
[144 159 164]
[143 158 164]
[143 158 164]
[142 158 164]
[142 159 164]
[141 159 164]
[141 159 164]
[140 159 164]
[141 159 164]
[140 159 164]
[140 159 165]
[139 159 165]
[139 159 165]
[139 160 165]
[139 160 165]
[138 159 164]
[138 159 164]
[138 160 165]
[137 159 164]
[136 159 164]
[136 160 165]
[135 159 164]
[136 160 165]
[136 160 165]
[135 160 165]
[134 159 164]
[134 159 164]
[134 160 165]
[133 159 164]
[133 159 165]
[133 159 164]
[132 159 164]
[132 159 165]
[132 159 164]
[131 159 164]
[132 159 165]
[131 159 165]
[131 159 164]
[130 158 164]
[129 158 164]
[129 158 165]
[128 158 164]
[128 158 164]
[128 158 164]
[127 158 164]
[127 158 164]
[127 158 164]
[126 158 164]
[126 157 164]
[125 157 164]
[125 157 164]
[125 157 164]
[125 158 164]
[124 157 164]
[123 157 164]
[124 157 164]
[123 156 163]
[124 156 164]
[122 156 164]
[122 156 164]
[122 156 164]
[121 155 163]
[121 155 163]
[121 155 163]
[120 155 163]
[120 155 163]
[120 155 163]
[119 154 164]
[118 154 163]
[118 154 163]
[118 154 164]
[117 153 163]
[117 153 163]
[116 152 162]
[116 152 162]
[116 152 162]
[115 151 162]
[115 151 162]
[114 150 162]
[113 150 161]
[113 149 161]
[113 149 161]
[112 148 161]
[112 148 161]
[112 147 161]
[110 146 160]
[110 145 160]
[109 143 159]
[109 142 159]
[54 70 79]
[157 147 158]
[156 148 159]
[155 150 159]
[155 151 160]
[154 151 160]
[153 152 160]
[153 153 161]
[152 153 161]
[152 154 161]
[152 155 162]
[151 154 161]
[150 155 161]
[150 155 161]
[149 155 161]
[149 156 162]
[149 156 162]
[148 156 162]
[148 157 163]
[147 157 162]
[147 157 162]
[147 157 163]
[146 157 163]
[146 158 163]
[145 157 163]
[145 157 163]
[145 158 163]
[144 158 163]
[143 158 163]
[143 158 163]
[143 158 163]
[143 158 163]
[143 158 163]
[143 159 164]
[142 159 164]
[141 159 164]
[141 159 164]
[140 159 164]
[140 159 163]
[140 159 164]
[140 160 165]
[140 160 165]
[138 159 164]
[139 159 164]
[138 159 164]
[138 159 164]
[137 159 164]
[138 160 164]
[137 159 164]
[137 160 165]
[136 160 164]
[136 160 165]
[136 160 165]
[135 159 164]
[135 160 164]
[134 159 164]
[134 159 164]
[134 159 164]
[133 159 164]
[133 159 164]
[133 159 164]
[132 159 164]
[132 159 164]
[132 159 164]
[131 159 164]
[131 159 163]
[131 159 164]
[130 159 164]
[130 159 164]
[130 159 165]
[129 159 164]
[129 159 164]
[128 158 164]
[128 158 164]
[128 158 164]
[126 157 163]
[127 158 164]
[126 158 164]
[127 158 164]
[126 158 164]
[126 158 164]
[125 157 164]
[125 157 164]
[125 157 164]
[124 156 163]
[124 157 164]
[123 157 164]
[123 156 163]
[122 156 163]
[122 156 163]
[122 156 163]
[121 155 163]
[121 156 163]
[121 155 163]
[120 155 163]
[120 155 163]
[119 154 162]
[119 154 163]
[118 154 162]
[118 154 163]
[117 153 162]
[117 153 163]
[117 153 162]
[116 152 162]
[116 152 162]
[115 151 162]
[115 151 162]
[115 151 162]
[113 150 161]
[113 150 161]
[113 149 161]
[113 149 161]
[112 149 161]
[112 148 161]
[111 147 160]
[110 146 160]
[109 145 159]
[109 143 158]
[108 142 158]
[54 70 79]
[157 147 158]
[157 149 159]
[155 150 159]
[155 151 159]
[154 151 160]
[153 152 160]
[153 153 160]
[153 154 161]
[152 154 161]
[151 154 161]
[152 155 162]
[150 155 161]
[150 155 161]
[150 155 161]
[149 156 162]
[149 156 162]
[149 157 162]
[148 156 162]
[148 157 162]
[147 157 162]
[146 157 162]
[146 157 162]
[146 157 163]
[146 158 163]
[145 158 163]
[145 158 163]
[145 158 163]
[144 158 163]
[144 159 163]
[144 159 163]
[143 159 163]
[143 159 163]
[143 159 163]
[142 159 164]
[141 159 163]
[141 159 163]
[141 159 163]
[140 159 164]
[140 159 164]
[139 159 163]
[139 159 164]
[139 159 164]
[139 159 164]
[138 159 164]
[138 160 164]
[137 159 164]
[138 160 164]
[138 160 164]
[137 160 164]
[136 160 164]
[136 160 164]
[136 160 164]
[135 159 164]
[136 160 164]
[135 160 164]
[134 159 164]
[134 159 164]
[133 159 164]
[133 159 164]
[133 159 164]
[132 159 164]
[132 159 164]
[132 159 164]
[132 159 164]
[131 159 163]
[131 159 164]
[130 159 163]
[130 159 164]
[130 159 164]
[129 159 164]
[129 158 164]
[128 158 164]
[128 158 164]
[127 158 163]
[127 158 163]
[127 158 164]
[126 157 163]
[126 158 164]
[126 158 164]
[126 158 164]
[125 157 163]
[125 157 163]
[124 157 164]
[124 157 163]
[124 157 164]
[123 156 163]
[123 156 163]
[122 156 163]
[122 156 163]
[121 155 163]
[122 156 163]
[121 155 163]
[121 156 163]
[120 155 162]
[120 155 163]
[120 155 163]
[119 155 163]
[118 154 163]
[117 154 162]
[118 154 163]
[117 153 162]
[117 153 162]
[117 153 162]
[116 152 161]
[116 152 162]
[115 151 161]
[114 151 161]
[114 151 161]
[113 150 161]
[113 150 161]
[112 149 160]
[112 149 160]
[112 148 160]
[111 147 160]
[110 146 160]
[110 145 159]
[109 144 158]
[109 142 158]
[54 70 79]
[157 146 157]
[156 148 157]
[155 150 159]
[154 151 159]
[155 152 160]
[154 152 160]
[153 153 160]
[152 153 160]
[152 154 161]
[151 154 161]
[151 154 160]
[150 155 160]
[150 155 161]
[149 155 161]
[149 156 162]
[149 156 161]
[148 157 162]
[148 157 162]
[148 157 162]
[147 157 161]
[147 157 162]
[146 157 162]
[146 158 162]
[145 157 162]
[145 158 163]
[145 157 162]
[144 158 162]
[144 157 162]
[144 159 163]
[144 159 163]
[143 159 163]
[143 159 163]
[142 159 163]
[142 159 163]
[142 159 163]
[142 159 163]
[141 160 164]
[140 159 164]
[140 159 163]
[139 159 163]
[139 159 163]
[139 159 164]
[139 159 164]
[139 159 164]
[138 159 163]
[138 159 164]
[138 160 164]
[137 160 164]
[137 159 163]
[136 160 163]
[136 160 164]
[136 160 164]
[135 160 164]
[135 160 164]
[134 159 163]
[134 159 164]
[134 159 164]
[134 159 164]
[133 159 164]
[132 159 164]
[132 159 164]
[132 159 164]
[131 159 163]
[131 159 163]
[132 159 164]
[131 159 163]
[131 159 163]
[130 159 164]
[130 159 163]
[129 159 163]
[129 159 164]
[128 158 163]
[127 158 163]
[127 158 163]
[127 158 163]
[127 158 163]
[126 157 163]
[127 158 163]
[126 158 163]
[125 157 163]
[125 158 163]
[124 157 163]
[124 157 163]
[124 156 163]
[124 157 163]
[124 157 163]
[124 157 163]
[123 156 163]
[122 156 163]
[121 156 163]
[121 156 163]
[121 155 162]
[121 156 163]
[121 155 163]
[119 154 162]
[119 154 161]
[119 154 162]
[118 154 162]
[118 154 162]
[117 154 162]
[117 153 161]
[116 152 161]
[116 152 161]
[116 152 161]
[116 152 161]
[115 152 161]
[114 151 160]
[114 150 160]
[114 150 161]
[113 150 160]
[112 149 160]
[112 149 161]
[111 147 159]
[111 147 159]
[110 146 159]
[109 145 158]
[108 143 157]
[109 142 158]
[12 15 17]
[157 146 156]
[156 149 157]
[155 149 158]
[155 150 159]
[154 151 159]
[154 152 160]
[153 153 160]
[152 153 160]
[152 153 160]
[152 154 160]
[151 154 160]
[150 155 160]
[150 155 160]
[149 156 161]
[149 156 161]
[149 156 161]
[148 156 161]
[148 156 161]
[148 157 162]
[147 157 161]
[147 157 161]
[147 157 161]
[146 157 162]
[146 158 163]
[146 158 163]
[145 158 163]
[145 158 163]
[144 158 162]
[143 158 162]
[143 158 162]
[143 158 162]
[143 159 163]
[142 158 162]
[142 159 163]
[142 159 163]
[142 160 164]
[140 159 163]
[140 159 163]
[140 160 163]
[139 159 163]
[139 159 163]
[139 159 163]
[138 159 163]
[139 159 163]
[138 159 163]
[138 159 163]
[138 160 164]
[138 160 164]
[137 160 164]
[137 160 163]
[136 160 163]
[135 159 163]
[135 159 163]
[135 159 163]
[134 159 163]
[134 159 163]
[133 159 164]
[133 159 163]
[133 160 164]
[133 159 164]
[132 159 164]
[132 159 164]
[131 158 163]
[132 159 164]
[131 159 163]
[131 159 164]
[131 159 163]
[130 159 163]
[130 159 163]
[128 158 163]
[128 158 163]
[128 159 163]
[128 158 163]
[128 158 163]
[127 158 163]
[127 158 163]
[126 158 163]
[126 158 163]
[125 157 162]
[125 157 162]
[125 157 163]
[124 157 163]
[124 158 163]
[124 157 163]
[124 156 163]
[124 156 163]
[123 156 162]
[122 156 162]
[122 156 163]
[121 155 162]
[121 156 162]
[121 156 163]
[121 155 162]
[120 155 162]
[119 154 161]
[119 154 162]
[119 154 162]
[118 155 162]
[118 154 162]
[117 154 162]
[117 153 161]
[117 153 161]
[116 152 160]
[116 152 161]
[115 151 160]
[115 151 161]
[114 151 160]
[114 150 160]
[114 150 161]
[113 149 160]
[112 149 160]
[112 148 160]
[111 148 159]
[111 147 159]
[110 146 158]
[110 145 158]
[108 142 157]
[109 141 157]
[124 116 123]
[157 149 157]
[155 150 158]
[155 150 158]
[154 151 158]
[154 151 158]
[153 152 159]
[153 153 160]
[152 154 160]
[152 154 159]
[151 155 160]
[150 154 160]
[150 155 160]
[149 156 160]
[149 156 160]
[149 156 161]
[149 156 161]
[148 156 161]
[148 157 161]
[147 157 161]
[147 157 161]
[146 157 161]
[146 157 161]
[146 158 162]
[145 158 162]
[145 158 162]
[144 157 162]
[144 158 162]
[144 158 162]
[144 158 163]
[143 158 162]
[143 159 162]
[143 159 163]
[142 159 162]
[142 159 162]
[141 158 162]
[142 160 163]
[140 159 162]
[140 159 163]
[140 160 163]
[139 159 163]
[139 159 163]
[139 160 163]
[139 159 163]
[138 159 163]
[138 159 163]
[137 159 163]
[137 159 163]
[137 160 163]
[136 160 163]
[136 160 163]
[135 159 163]
[135 159 163]
[135 159 163]
[134 159 163]
[134 159 163]
[133 159 163]
[133 159 163]
[132 159 163]
[132 159 163]
[132 159 163]
[132 159 163]
[131 159 163]
[131 159 163]
[131 159 163]
[131 159 163]
[131 159 163]
[130 159 163]
[130 158 163]
[129 159 163]
[129 158 163]
[128 158 163]
[128 159 163]
[128 158 163]
[127 158 163]
[127 158 163]
[127 158 162]
[126 157 162]
[126 158 163]
[126 158 163]
[125 158 163]
[125 158 163]
[124 157 163]
[124 157 162]
[124 156 162]
[123 156 162]
[123 156 162]
[122 156 162]
[123 156 163]
[122 156 162]
[121 155 162]
[121 155 162]
[121 155 162]
[120 155 162]
[120 155 162]
[119 154 161]
[119 154 161]
[118 154 161]
[118 154 161]
[117 153 161]
[117 152 161]
[117 153 161]
[116 152 161]
[116 152 161]
[115 151 160]
[115 151 160]
[115 151 160]
[114 151 160]
[113 150 160]
[113 149 160]
[112 148 159]
[113 149 160]
[111 147 159]
[111 146 158]
[110 146 158]
[110 144 158]
[108 142 156]
[109 141 156]
[123 115 122]
[156 147 156]
[155 149 157]
[154 150 157]
[154 151 158]
[153 151 158]
[153 152 159]
[152 153 159]
[152 154 159]
[151 154 159]
[151 154 159]
[151 155 160]
[150 155 160]
[149 155 160]
[149 155 160]
[149 156 160]
[149 156 160]
[148 156 160]
[147 157 161]
[147 157 161]
[147 157 161]
[146 157 161]
[146 157 161]
[145 157 162]
[145 158 162]
[144 158 161]
[145 158 162]
[144 158 162]
[144 159 162]
[143 158 161]
[143 158 161]
[142 158 161]
[142 159 162]
[142 158 162]
[142 159 162]
[142 159 162]
[141 159 163]
[141 159 162]
[140 159 162]
[140 159 163]
[139 159 163]
[139 159 162]
[139 159 162]
[139 159 163]
[138 159 162]
[138 160 163]
[137 159 163]
[137 159 162]
[137 160 163]
[136 160 163]
[136 160 163]
[136 160 163]
[135 160 163]
[135 160 163]
[134 159 162]
[134 159 162]
[133 159 163]
[133 158 163]
[133 159 163]
[132 159 163]
[132 158 163]
[132 159 163]
[131 159 162]
[131 159 163]
[131 159 162]
[131 159 162]
[130 159 162]
[130 160 163]
[129 159 162]
[130 159 163]
[128 158 162]
[128 158 162]
[128 159 163]
[128 158 162]
[127 158 162]
[127 158 162]
[127 158 162]
[126 158 162]
[126 158 162]
[125 158 162]
[124 157 162]
[124 157 162]
[124 157 162]
[124 157 162]
[123 156 162]
[123 156 162]
[123 156 162]
[123 156 162]
[122 156 162]
[122 156 162]
[121 155 161]
[121 156 161]
[120 155 161]
[120 155 161]
[120 155 161]
[119 154 161]
[118 154 161]
[118 154 160]
[118 154 161]
[118 153 161]
[117 153 161]
[117 153 160]
[116 152 161]
[116 152 160]
[115 151 160]
[115 151 159]
[114 150 159]
[114 151 160]
[113 150 159]
[113 149 159]
[113 149 159]
[112 148 159]
[111 147 158]
[111 146 158]
[110 145 158]
[110 145 157]
[109 143 156]
[109 140 156]
[124 114 122]
[157 148 157]
[155 149 156]
[155 150 157]
[155 151 158]
[153 151 158]
[153 152 158]
[153 153 159]
[152 153 159]
[151 153 159]
[151 155 159]
[151 154 159]
[150 155 159]
[149 155 160]
[149 156 160]
[149 156 160]
[149 157 160]
[148 156 160]
[147 156 160]
[147 157 160]
[147 157 161]
[147 158 161]
[146 157 161]
[146 158 161]
[146 158 161]
[145 158 161]
[145 158 161]
[144 158 161]
[144 158 161]
[144 158 162]
[143 158 161]
[142 158 161]
[142 159 161]
[142 159 162]
[142 159 162]
[141 159 162]
[140 158 161]
[141 159 162]
[140 159 162]
[140 159 162]
[140 160 163]
[139 159 162]
[139 159 163]
[139 160 163]
[138 159 162]
[138 160 163]
[137 159 162]
[137 160 163]
[137 160 162]
[136 159 162]
[136 160 162]
[135 159 162]
[135 160 162]
[134 159 161]
[135 160 163]
[134 159 162]
[133 158 162]
[133 159 162]
[133 159 162]
[132 159 162]
[133 159 163]
[133 160 163]
[132 159 163]
[131 159 162]
[131 159 162]
[130 158 162]
[130 159 162]
[130 159 162]
[130 159 162]
[129 158 162]
[129 159 162]
[129 158 162]
[128 158 161]
[128 159 162]
[128 158 162]
[128 158 162]
[126 157 161]
[126 157 161]
[126 158 162]
[125 157 162]
[125 157 162]
[124 157 162]
[124 157 162]
[124 157 162]
[124 157 162]
[123 156 162]
[123 156 162]
[122 156 161]
[123 156 162]
[122 156 162]
[120 155 161]
[121 155 161]
[121 156 162]
[120 155 161]
[120 155 160]
[119 154 160]
[119 154 161]
[118 153 160]
[118 154 161]
[118 153 161]
[117 153 160]
[116 153 160]
[116 152 160]
[115 151 160]
[115 151 160]
[115 151 160]
[114 150 159]
[114 151 160]
[113 149 159]
[113 149 159]
[112 148 158]
[112 148 158]
[112 147 158]
[110 146 157]
[110 145 157]
[110 144 156]
[109 143 157]
[ 85 110 122]
[156 147 156]
[155 149 156]
[155 151 157]
[155 151 157]
[154 152 158]
[153 152 158]
[153 153 158]
[152 153 158]
[151 153 158]
[151 154 158]
[151 155 159]
[151 155 159]
[150 155 160]
[150 156 160]
[149 156 160]
[148 156 160]
[148 156 160]
[147 156 160]
[147 157 160]
[147 157 160]
[147 157 161]
[146 158 161]
[145 158 161]
[145 157 160]
[145 158 161]
[145 158 161]
[145 158 161]
[144 159 162]
[144 159 161]
[143 158 161]
[143 159 162]
[142 158 161]
[142 159 161]
[142 159 161]
[142 159 162]
[140 158 161]
[140 159 161]
[140 159 162]
[140 159 162]
[139 158 161]
[139 159 162]
[139 159 162]
[138 159 161]
[138 159 162]
[138 159 162]
[137 159 162]
[137 159 162]
[136 160 162]
[136 159 162]
[136 159 162]
[135 159 161]
[135 159 162]
[135 159 162]
[134 159 162]
[134 159 162]
[133 159 162]
[133 159 162]
[133 159 162]
[133 159 162]
[132 159 162]
[133 159 163]
[132 159 162]
[132 160 162]
[132 159 163]
[131 159 162]
[131 159 162]
[131 159 162]
[130 159 162]
[129 159 162]
[129 158 162]
[128 158 162]
[128 158 162]
[128 158 162]
[127 157 161]
[127 158 162]
[126 157 161]
[126 158 162]
[125 157 161]
[125 158 162]
[125 157 162]
[124 157 162]
[124 157 162]
[124 157 162]
[124 157 162]
[123 156 161]
[123 156 161]
[122 156 161]
[122 156 162]
[122 156 162]
[121 155 161]
[121 156 161]
[121 156 161]
[120 155 160]
[119 155 160]
[120 155 161]
[119 154 160]
[118 154 160]
[118 154 160]
[117 152 159]
[117 153 160]
[116 153 160]
[116 152 160]
[116 152 160]
[115 151 159]
[115 151 159]
[114 151 159]
[114 150 159]
[114 150 159]
[113 149 159]
[112 149 159]
[112 148 158]
[111 147 158]
[111 146 158]
[110 145 157]
[109 144 156]
[109 143 156]
[ 85 109 121]
[157 147 155]
[155 149 156]
[155 151 157]
[155 151 157]
[154 152 158]
[153 152 158]
[153 153 158]
[152 153 158]
[152 153 158]
[152 155 159]
[151 154 158]
[151 155 159]
[150 155 159]
[150 156 160]
[149 156 159]
[149 156 160]
[148 157 160]
[148 157 160]
[147 157 160]
[147 157 160]
[147 157 160]
[146 158 161]
[146 158 161]
[146 158 161]
[145 158 161]
[145 158 161]
[145 158 161]
[144 158 161]
[144 159 161]
[143 158 161]
[143 159 161]
[143 159 161]
[142 159 161]
[142 159 161]
[142 159 161]
[141 159 161]
[140 159 161]
[140 159 161]
[140 159 161]
[139 159 162]
[139 159 162]
[139 159 162]
[138 159 162]
[138 160 162]
[138 160 162]
[137 159 162]
[137 160 162]
[137 160 162]
[136 159 162]
[136 160 162]
[136 160 162]
[135 159 161]
[135 159 162]
[134 159 162]
[134 160 162]
[133 159 162]
[133 159 162]
[133 159 162]
[132 159 162]
[133 159 162]
[132 159 162]
[132 159 162]
[131 159 162]
[131 159 162]
[131 159 162]
[131 159 162]
[130 159 162]
[130 159 162]
[129 159 162]
[129 158 161]
[129 158 162]
[129 159 162]
[128 159 162]
[128 158 161]
[127 158 162]
[127 158 162]
[126 158 162]
[126 158 161]
[125 158 162]
[125 158 162]
[124 157 161]
[124 157 161]
[124 157 161]
[123 157 161]
[123 156 161]
[123 156 161]
[123 156 161]
[122 156 161]
[122 156 161]
[121 156 161]
[121 156 161]
[121 155 160]
[120 155 160]
[120 155 160]
[119 154 160]
[119 154 160]
[118 154 160]
[118 153 160]
[117 153 160]
[117 153 160]
[116 153 160]
[116 152 160]
[115 151 159]
[115 152 159]
[115 151 159]
[114 151 159]
[114 150 159]
[113 149 158]
[113 149 158]
[112 148 158]
[112 148 158]
[112 147 158]
[111 146 157]
[110 145 156]
[110 144 156]
[109 142 155]
[42 55 61]
[157 147 155]
[156 149 155]
[155 150 156]
[154 150 156]
[154 151 157]
[153 152 157]
[152 153 157]
[152 153 158]
[152 154 158]
[151 154 158]
[151 154 158]
[150 154 158]
[150 155 159]
[149 155 159]
[149 155 159]
[149 156 159]
[147 156 159]
[148 156 160]
[148 157 160]
[146 156 159]
[147 158 160]
[146 157 160]
[146 158 160]
[146 158 160]
[145 158 160]
[145 158 161]
[145 158 160]
[144 159 160]
[143 158 160]
[143 158 160]
[143 158 161]
[142 158 161]
[142 159 161]
[142 159 161]
[142 159 161]
[141 159 161]
[141 159 161]
[140 159 161]
[140 159 161]
[140 160 162]
[138 159 161]
[139 159 161]
[138 159 161]
[138 160 162]
[137 160 161]
[137 160 162]
[137 159 161]
[136 159 161]
[136 159 161]
[136 159 161]
[135 159 161]
[135 159 161]
[135 160 162]
[134 159 161]
[133 159 161]
[134 159 161]
[133 159 161]
[133 159 161]
[133 159 161]
[133 159 162]
[132 159 161]
[131 159 161]
[131 159 162]
[131 159 162]
[131 159 162]
[130 159 161]
[130 159 161]
[130 159 162]
[129 158 161]
[129 158 161]
[128 158 160]
[128 158 161]
[128 158 161]
[128 158 161]
[127 158 161]
[126 158 161]
[126 157 161]
[126 157 161]
[125 157 161]
[125 158 161]
[124 157 161]
[124 157 161]
[124 157 161]
[123 157 161]
[122 156 160]
[123 156 161]
[122 156 160]
[122 156 161]
[122 156 161]
[121 155 161]
[121 156 160]
[121 155 161]
[121 156 160]
[119 154 160]
[119 154 159]
[119 154 160]
[118 154 160]
[118 153 159]
[118 154 160]
[116 153 159]
[116 153 159]
[115 152 159]
[116 152 159]
[115 151 159]
[114 151 158]
[115 151 159]
[114 151 159]
[113 150 158]
[113 149 158]
[112 148 157]
[112 147 157]
[111 147 157]
[111 146 157]
[109 144 155]
[109 143 155]
[110 142 155]
[157 147 154]
[156 149 155]
[156 150 156]
[155 151 157]
[154 151 156]
[153 152 157]
[152 152 157]
[152 153 157]
[152 154 158]
[152 154 157]
[152 155 158]
[151 155 158]
[150 155 158]
[150 156 159]
[149 155 158]
[149 156 159]
[148 156 159]
[148 157 160]
[147 156 159]
[147 157 159]
[146 157 159]
[146 157 159]
[145 157 159]
[146 157 160]
[146 158 160]
[145 158 160]
[144 158 160]
[144 158 160]
[144 158 160]
[144 159 160]
[143 159 160]
[143 159 161]
[142 159 161]
[142 159 161]
[141 159 161]
[141 159 160]
[140 159 160]
[140 159 160]
[139 158 160]
[139 159 161]
[139 159 161]
[139 159 161]
[138 159 160]
[137 159 160]
[138 160 162]
[137 160 161]
[137 160 161]
[136 160 161]
[136 159 161]
[136 159 161]
[135 159 161]
[135 160 161]
[135 159 161]
[134 159 161]
[133 159 161]
[133 158 160]
[134 160 162]
[133 159 161]
[132 159 161]
[133 159 161]
[132 159 161]
[132 159 161]
[131 159 161]
[131 159 161]
[131 159 161]
[130 159 161]
[129 158 161]
[129 158 161]
[129 159 161]
[128 158 160]
[129 159 161]
[128 158 161]
[128 159 161]
[128 158 161]
[127 158 161]
[127 158 161]
[126 158 161]
[126 158 161]
[125 157 160]
[125 157 160]
[125 158 161]
[124 157 161]
[123 156 160]
[123 157 161]
[123 157 161]
[123 156 161]
[122 156 160]
[122 156 161]
[122 156 160]
[121 156 160]
[120 155 159]
[121 156 160]
[120 155 160]
[120 155 160]
[120 155 160]
[119 154 160]
[118 154 159]
[118 154 160]
[118 154 159]
[118 154 160]
[117 153 159]
[116 152 159]
[115 152 158]
[115 151 158]
[115 151 158]
[115 151 159]
[114 150 158]
[113 149 157]
[112 149 157]
[112 149 157]
[112 148 157]
[111 146 156]
[110 146 156]
[110 145 156]
[109 143 155]
[109 142 155]
[157 147 154]
[155 148 154]
[155 150 155]
[154 150 155]
[154 151 156]
[153 152 156]
[153 153 157]
[152 153 157]
[152 154 158]
[151 154 157]
[151 155 157]
[150 155 158]
[150 155 158]
[150 156 158]
[149 155 158]
[149 156 158]
[149 157 159]
[148 156 159]
[147 156 159]
[147 157 159]
[147 157 159]
[146 157 159]
[146 158 159]
[145 157 159]
[145 158 160]
[145 158 160]
[144 158 160]
[144 158 160]
[144 158 160]
[143 158 159]
[143 159 160]
[142 158 160]
[142 159 160]
[142 159 160]
[141 159 160]
[141 159 160]
[140 159 160]
[140 159 161]
[140 159 161]
[139 158 160]
[139 159 160]
[139 159 161]
[138 159 161]
[138 159 161]
[138 160 161]
[137 160 161]
[137 160 161]
[137 160 161]
[136 160 161]
[137 160 161]
[136 160 161]
[135 159 160]
[135 159 161]
[134 159 161]
[134 159 161]
[134 159 161]
[133 159 161]
[133 159 160]
[133 159 161]
[133 159 161]
[132 159 161]
[132 159 161]
[131 159 161]
[131 159 161]
[131 159 161]
[130 158 160]
[130 159 161]
[129 159 161]
[129 158 160]
[128 158 160]
[128 158 160]
[128 158 161]
[128 158 161]
[127 158 161]
[126 157 160]
[126 158 161]
[126 158 161]
[126 157 160]
[125 157 160]
[125 157 161]
[124 157 160]
[124 157 160]
[123 157 160]
[123 157 160]
[123 156 160]
[123 156 160]
[122 156 160]
[122 156 160]
[122 156 160]
[121 155 160]
[121 156 160]
[120 155 159]
[120 155 159]
[119 154 159]
[119 154 160]
[119 154 159]
[118 154 158]
[118 154 159]
[118 153 158]
[117 153 158]
[116 153 158]
[116 152 158]
[115 152 158]
[115 151 158]
[114 151 158]
[114 151 158]
[114 150 157]
[113 149 157]
[113 150 157]
[112 149 157]
[112 148 157]
[111 147 156]
[111 146 156]
[110 145 155]
[109 143 155]
[109 141 154]
[157 147 153]
[156 148 154]
[155 149 154]
[154 151 156]
[154 151 156]
[153 152 156]
[153 153 157]
[152 153 156]
[152 154 157]
[151 154 157]
[152 155 158]
[151 155 158]
[150 155 158]
[149 155 158]
[149 155 158]
[149 156 158]
[148 156 158]
[147 156 158]
[147 156 158]
[147 157 159]
[146 157 158]
[147 158 159]
[146 157 159]
[145 157 159]
[145 157 159]
[145 158 159]
[144 158 159]
[144 159 160]
[144 158 159]
[143 158 159]
[143 158 159]
[143 159 160]
[143 158 160]
[142 159 160]
[141 159 160]
[141 159 160]
[140 159 160]
[140 159 160]
[139 159 160]
[139 159 160]
[139 159 160]
[139 159 160]
[138 159 160]
[138 159 160]
[137 159 160]
[137 159 160]
[137 159 160]
[136 159 160]
[136 159 160]
[137 160 161]
[136 160 160]
[135 159 161]
[135 160 161]
[135 159 161]
[134 159 161]
[133 159 161]
[134 159 161]
[134 159 160]
[133 159 160]
[132 159 160]
[132 159 160]
[132 159 160]
[132 159 161]
[131 159 160]
[131 159 160]
[130 158 160]
[130 158 160]
[129 158 160]
[129 158 160]
[128 158 160]
[128 158 160]
[128 158 160]
[128 159 161]
[127 158 160]
[127 158 160]
[127 158 160]
[126 158 160]
[126 158 160]
[125 158 160]
[124 157 160]
[124 157 160]
[124 157 160]
[123 157 160]
[123 157 160]
[123 156 160]
[123 157 160]
[122 156 159]
[122 156 160]
[121 156 159]
[121 156 159]
[121 155 159]
[121 156 160]
[120 155 159]
[120 155 159]
[119 154 159]
[119 154 159]
[118 154 158]
[118 154 158]
[117 153 158]
[117 154 159]
[116 152 158]
[116 152 158]
[115 152 157]
[114 151 157]
[115 151 158]
[114 151 158]
[114 150 157]
[113 150 157]
[112 149 156]
[112 148 156]
[112 147 156]
[111 147 156]
[110 146 155]
[110 144 154]
[110 144 154]
[108 141 153]
[157 146 152]
[156 148 154]
[155 149 154]
[155 151 155]
[154 151 155]
[153 152 155]
[152 152 156]
[153 153 157]
[151 153 156]
[152 154 157]
[151 154 157]
[151 155 157]
[150 155 157]
[149 155 157]
[149 156 158]
[149 156 157]
[148 156 158]
[148 156 158]
[147 156 157]
[147 157 158]
[147 157 159]
[146 157 159]
[146 157 159]
[146 157 159]
[145 158 160]
[145 158 159]
[144 158 159]
[144 158 159]
[144 158 159]
[143 158 159]
[143 159 159]
[143 159 160]
[142 159 159]
[142 159 160]
[141 159 160]
[141 159 160]
[141 159 160]
[140 159 160]
[139 158 159]
[139 159 160]
[139 159 159]
[139 160 160]
[139 159 160]
[138 159 159]
[137 159 160]
[137 159 160]
[137 159 160]
[136 159 160]
[136 159 160]
[137 160 161]
[136 159 160]
[136 160 160]
[135 159 161]
[135 159 160]
[134 159 160]
[134 159 160]
[133 159 160]
[133 159 160]
[133 159 160]
[133 159 160]
[132 159 160]
[132 159 160]
[131 158 159]
[131 159 160]
[131 159 160]
[130 159 160]
[130 159 160]
[130 159 160]
[128 158 160]
[129 159 161]
[128 158 160]
[128 159 160]
[128 159 160]
[128 159 161]
[127 158 160]
[126 158 160]
[126 158 160]
[126 158 160]
[125 157 159]
[124 157 160]
[125 158 160]
[124 157 160]
[124 157 160]
[123 156 159]
[123 157 160]
[122 156 159]
[122 156 159]
[122 157 160]
[121 155 158]
[121 156 159]
[120 155 158]
[120 155 158]
[120 155 159]
[120 155 159]
[119 155 159]
[119 154 158]
[118 154 158]
[117 153 158]
[117 153 158]
[116 153 157]
[116 153 158]
[116 153 158]
[115 152 157]
[114 151 157]
[114 151 157]
[114 151 157]
[113 150 156]
[112 149 156]
[113 149 156]
[112 147 156]
[111 147 156]
[111 147 156]
[110 146 155]
[110 145 154]
[108 143 153]
[108 139 152]
[126 117 122]
[156 148 153]
[155 149 154]
[155 150 154]
[154 151 155]
[153 152 155]
[152 152 155]
[153 153 156]
[152 153 156]
[152 154 157]
[151 155 157]
[151 155 157]
[150 155 157]
[149 155 157]
[149 156 158]
[149 156 157]
[149 157 157]
[148 157 158]
[147 156 157]
[147 157 158]
[147 157 158]
[146 157 158]
[146 157 158]
[146 158 159]
[145 158 159]
[145 158 159]
[145 159 159]
[144 158 159]
[143 158 158]
[143 158 158]
[143 158 159]
[143 159 159]
[142 158 158]
[141 158 159]
[141 159 159]
[141 159 160]
[141 160 160]
[140 159 159]
[140 159 159]
[139 159 159]
[139 159 160]
[139 159 160]
[139 159 159]
[138 159 160]
[137 159 159]
[138 159 160]
[137 159 159]
[136 159 160]
[136 159 159]
[136 160 160]
[136 159 160]
[135 159 160]
[135 159 160]
[135 159 160]
[135 159 160]
[133 158 160]
[134 159 161]
[133 159 160]
[133 160 160]
[132 158 159]
[132 159 160]
[132 159 160]
[132 159 160]
[131 159 160]
[131 159 160]
[130 158 160]
[130 158 160]
[129 158 160]
[129 158 160]
[128 158 160]
[128 158 160]
[128 158 160]
[127 158 160]
[128 159 160]
[127 158 160]
[126 158 160]
[126 158 160]
[125 157 159]
[125 157 159]
[125 157 159]
[124 157 159]
[124 157 159]
[123 157 159]
[123 157 159]
[123 156 159]
[123 156 159]
[122 156 159]
[122 156 159]
[121 156 158]
[121 156 158]
[120 155 158]
[121 155 159]
[120 155 159]
[120 155 159]
[119 154 158]
[119 154 158]
[118 154 158]
[118 154 158]
[116 153 157]
[116 153 157]
[116 152 157]
[116 152 157]
[115 152 157]
[115 151 157]
[114 150 156]
[113 150 156]
[114 150 156]
[113 149 156]
[113 149 156]
[112 148 156]
[112 147 155]
[111 146 155]
[110 145 154]
[110 144 154]
[109 143 153]
[108 139 152]
[11 10 11]
[156 148 153]
[155 149 154]
[155 150 154]
[154 150 154]
[154 152 155]
[153 153 155]
[153 153 155]
[152 154 156]
[151 154 156]
[151 154 156]
[151 155 157]
[150 155 156]
[150 156 157]
[149 156 157]
[149 156 158]
[148 156 157]
[148 157 157]
[147 157 157]
[147 157 158]
[147 157 158]
[146 158 158]
[146 158 158]
[145 158 158]
[145 158 159]
[144 158 158]
[145 158 158]
[144 159 158]
[144 158 158]
[143 159 159]
[143 159 159]
[142 158 158]
[142 159 159]
[142 159 159]
[142 159 159]
[141 159 159]
[141 159 159]
[141 159 159]
[140 159 159]
[140 159 160]
[140 159 159]
[139 159 159]
[139 159 160]
[138 159 159]
[138 159 160]
[137 159 159]
[136 158 159]
[137 159 160]
[136 159 159]
[137 159 160]
[136 160 160]
[136 159 160]
[135 159 160]
[135 159 160]
[135 159 160]
[134 159 160]
[133 159 160]
[133 159 160]
[133 159 160]
[132 159 160]
[132 159 159]
[132 159 160]
[131 159 160]
[131 159 160]
[131 159 160]
[131 159 160]
[130 158 159]
[130 159 160]
[129 159 160]
[129 158 159]
[128 158 160]
[128 158 159]
[128 158 160]
[127 158 159]
[127 158 159]
[126 158 159]
[126 157 159]
[125 157 159]
[125 157 159]
[124 157 159]
[124 157 159]
[124 157 159]
[124 157 159]
[123 157 159]
[123 156 159]
[122 156 158]
[122 157 159]
[121 156 158]
[121 156 158]
[121 156 158]
[120 155 158]
[121 155 158]
[120 155 158]
[120 155 158]
[119 155 158]
[119 154 158]
[118 154 158]
[118 154 158]
[117 153 158]
[116 153 157]
[117 153 157]
[116 152 157]
[116 152 157]
[115 151 156]
[115 151 157]
[114 151 156]
[114 150 156]
[113 149 156]
[112 149 156]
[112 148 155]
[112 148 155]
[111 146 154]
[110 145 154]
[110 144 154]
[109 142 152]
[108 138 151]
[11 10 11]
[156 148 152]
[155 149 153]
[154 149 153]
[155 151 154]
[154 151 154]
[153 153 155]
[153 153 155]
[152 154 156]
[151 154 156]
[151 155 156]
[151 155 156]
[151 155 157]
[149 155 156]
[150 156 157]
[149 156 157]
[149 157 157]
[148 157 157]
[148 157 157]
[147 157 157]
[147 157 158]
[146 158 158]
[146 158 158]
[145 157 157]
[145 158 158]
[145 158 158]
[145 158 158]
[144 158 158]
[143 158 158]
[143 158 158]
[143 158 158]
[142 159 158]
[142 158 158]
[142 159 158]
[141 159 158]
[141 159 159]
[141 159 159]
[141 159 159]
[140 159 159]
[140 159 159]
[139 159 158]
[139 159 159]
[139 159 159]
[138 159 159]
[137 158 158]
[137 159 159]
[137 159 159]
[136 159 159]
[136 159 159]
[137 160 160]
[136 159 159]
[135 158 159]
[135 159 159]
[135 159 159]
[135 159 160]
[134 159 159]
[134 159 160]
[133 159 160]
[132 158 159]
[132 159 160]
[132 159 160]
[131 159 159]
[131 159 159]
[131 159 160]
[131 159 159]
[130 159 159]
[130 159 160]
[130 159 159]
[129 158 160]
[129 158 159]
[129 159 159]
[128 158 159]
[128 158 159]
[128 158 159]
[127 158 159]
[126 158 159]
[126 157 159]
[125 157 158]
[125 157 159]
[125 157 159]
[124 157 159]
[124 157 158]
[123 157 158]
[123 156 158]
[123 157 159]
[123 157 159]
[122 156 158]
[122 156 158]
[121 155 157]
[121 156 158]
[121 156 158]
[120 155 158]
[120 155 158]
[119 155 158]
[119 154 157]
[119 154 157]
[118 154 157]
[118 154 158]
[117 153 157]
[117 153 157]
[116 152 157]
[116 152 157]
[115 151 156]
[115 151 156]
[114 150 155]
[114 150 156]
[114 150 156]
[112 149 155]
[112 148 155]
[111 148 154]
[111 147 154]
[111 146 154]
[110 145 154]
[110 144 153]
[109 142 153]
[30 38 41]
[156 147 152]
[156 149 153]
[155 150 153]
[154 151 154]
[154 151 153]
[153 152 154]
[152 153 154]
[152 153 155]
[151 154 155]
[151 155 156]
[151 155 156]
[150 154 155]
[151 156 157]
[149 156 156]
[149 156 156]
[148 156 156]
[148 157 157]
[148 157 157]
[147 156 156]
[147 158 158]
[147 158 158]
[145 157 157]
[146 158 157]
[146 158 158]
[145 158 158]
[144 158 157]
[144 158 158]
[144 159 158]
[144 158 158]
[143 158 158]
[143 159 158]
[142 159 158]
[142 159 158]
[141 159 158]
[141 159 158]
[140 158 158]
[141 159 158]
[140 159 158]
[139 158 158]
[139 159 158]
[139 159 158]
[139 159 159]
[138 159 158]
[138 159 159]
[138 160 159]
[137 159 159]
[137 159 159]
[137 159 159]
[137 159 159]
[136 159 159]
[135 159 159]
[135 159 159]
[135 159 159]
[134 159 159]
[135 160 160]
[133 158 158]
[133 159 159]
[133 159 159]
[132 159 159]
[133 159 160]
[132 159 159]
[132 159 160]
[131 159 160]
[130 158 159]
[130 159 159]
[130 159 159]
[130 159 159]
[129 158 159]
[129 158 159]
[129 159 159]
[128 159 159]
[128 158 159]
[127 158 158]
[126 157 158]
[126 158 158]
[126 157 158]
[126 157 158]
[125 157 158]
[124 157 158]
[125 157 159]
[124 157 159]
[124 157 158]
[123 156 158]
[123 157 159]
[122 156 158]
[123 157 158]
[122 156 157]
[122 156 158]
[121 156 158]
[121 156 158]
[121 156 158]
[119 155 157]
[119 154 157]
[119 154 157]
[118 154 157]
[117 154 157]
[117 154 157]
[117 153 157]
[117 153 156]
[116 152 156]
[116 152 156]
[116 152 156]
[115 151 156]
[114 150 155]
[114 150 155]
[114 149 155]
[112 149 155]
[112 149 154]
[112 149 154]
[111 147 154]
[111 146 154]
[110 146 154]
[110 144 153]
[109 142 152]
[ 8 10 11]
[156 147 151]
[156 149 152]
[155 150 153]
[155 151 153]
[154 151 154]
[153 152 153]
[153 153 154]
[152 153 155]
[152 154 155]
[151 155 155]
[150 154 155]
[150 155 155]
[150 155 155]
[149 155 155]
[149 156 156]
[149 156 156]
[149 157 157]
[147 157 156]
[147 157 157]
[146 157 157]
[147 158 158]
[146 157 157]
[146 158 157]
[145 158 157]
[144 157 157]
[144 158 157]
[144 158 158]
[144 158 158]
[143 158 157]
[143 159 158]
[143 159 158]
[142 159 158]
[142 159 158]
[142 159 158]
[142 160 158]
[141 159 158]
[140 159 158]
[140 159 158]
[140 159 158]
[139 159 158]
[139 159 158]
[139 159 159]
[138 159 158]
[138 159 158]
[137 159 158]
[137 159 158]
[137 159 158]
[136 159 158]
[136 159 159]
[135 159 159]
[136 159 159]
[135 158 158]
[134 159 158]
[134 159 158]
[134 159 158]
[133 159 158]
[133 159 159]
[132 159 159]
[132 159 158]
[132 159 159]
[132 159 159]
[132 159 159]
[131 159 159]
[130 159 159]
[130 159 158]
[130 158 158]
[129 158 158]
[129 158 159]
[129 158 158]
[129 158 158]
[128 158 158]
[127 158 157]
[127 158 158]
[127 158 158]
[126 157 158]
[125 157 158]
[125 157 158]
[125 157 158]
[125 157 158]
[124 156 158]
[123 156 157]
[123 156 157]
[123 157 158]
[123 156 158]
[123 157 158]
[122 156 158]
[122 156 158]
[122 156 157]
[121 156 157]
[121 155 157]
[121 156 158]
[120 155 157]
[118 155 157]
[119 154 156]
[118 154 157]
[118 154 157]
[117 153 156]
[117 152 156]
[117 153 157]
[116 152 156]
[116 151 156]
[115 151 156]
[114 151 155]
[114 151 155]
[114 151 155]
[114 150 155]
[112 149 155]
[112 149 154]
[111 148 154]
[110 147 153]
[111 146 153]
[110 146 153]
[109 144 152]
[109 142 151]
[ 8 10 11]
[156 146 150]
[155 149 151]
[155 150 152]
[154 151 152]
[153 151 153]
[153 152 154]
[153 153 154]
[152 153 154]
[152 154 154]
[151 154 155]
[151 154 154]
[151 155 155]
[150 155 155]
[149 156 156]
[149 156 155]
[149 156 156]
[148 157 156]
[148 156 156]
[147 157 156]
[147 157 157]
[146 157 156]
[146 157 157]
[146 158 157]
[146 158 156]
[145 158 157]
[144 157 156]
[144 158 157]
[144 158 157]
[143 158 157]
[143 159 158]
[142 158 157]
[142 159 157]
[142 159 157]
[142 159 158]
[141 159 158]
[141 159 158]
[140 159 157]
[140 159 157]
[140 159 158]
[139 159 158]
[139 159 158]
[139 159 158]
[138 159 158]
[138 159 158]
[137 159 158]
[137 159 158]
[136 159 158]
[136 159 158]
[136 159 158]
[136 159 158]
[135 159 158]
[135 159 158]
[134 158 158]
[134 159 158]
[133 159 158]
[133 158 158]
[133 159 158]
[132 159 158]
[132 159 158]
[132 159 158]
[132 159 159]
[131 159 158]
[130 159 158]
[130 159 158]
[129 159 158]
[130 159 158]
[129 158 158]
[129 158 158]
[129 158 158]
[129 159 158]
[128 158 158]
[128 158 158]
[127 158 158]
[127 158 157]
[126 157 158]
[126 157 157]
[126 158 158]
[125 157 158]
[124 157 158]
[125 157 158]
[124 157 158]
[124 157 158]
[123 156 158]
[123 156 157]
[122 156 157]
[122 156 158]
[122 156 158]
[122 156 157]
[121 156 157]
[121 155 157]
[121 156 158]
[119 155 157]
[119 155 157]
[118 154 156]
[118 154 156]
[118 154 156]
[118 154 156]
[117 153 156]
[116 152 155]
[116 152 156]
[116 152 156]
[115 151 155]
[115 151 155]
[114 151 155]
[114 150 155]
[113 150 154]
[112 149 154]
[112 149 154]
[111 148 153]
[111 147 153]
[111 146 153]
[110 145 152]
[109 144 151]
[108 141 150]
[3 4 4]
[157 146 150]
[155 149 151]
[155 150 152]
[155 151 152]
[154 151 153]
[153 152 153]
[152 153 153]
[152 153 153]
[152 154 155]
[152 155 155]
[151 154 154]
[150 154 154]
[150 155 155]
[150 155 155]
[149 156 155]
[148 156 155]
[148 156 155]
[148 157 156]
[147 157 156]
[147 157 156]
[146 157 156]
[146 157 156]
[146 158 157]
[145 158 156]
[145 157 156]
[144 158 156]
[144 158 156]
[144 159 157]
[143 158 157]
[143 158 157]
[143 159 157]
[142 158 157]
[142 159 157]
[141 159 157]
[141 159 157]
[141 159 157]
[141 159 158]
[139 159 157]
[139 159 157]
[139 159 157]
[138 159 157]
[138 159 157]
[138 159 158]
[137 159 157]
[138 159 158]
[137 160 158]
[136 159 158]
[136 159 157]
[136 160 158]
[135 159 158]
[135 159 158]
[134 159 157]
[135 160 158]
[134 159 158]
[134 159 158]
[133 159 158]
[132 159 158]
[132 159 158]
[132 158 158]
[132 160 159]
[131 159 158]
[131 159 158]
[130 158 157]
[130 159 158]
[129 158 158]
[130 159 158]
[129 158 158]
[129 158 158]
[128 158 158]
[129 159 158]
[128 159 158]
[127 158 158]
[127 158 158]
[126 158 157]
[126 158 157]
[126 158 158]
[126 158 158]
[125 156 157]
[125 157 157]
[125 157 157]
[124 157 157]
[123 156 157]
[123 156 157]
[123 157 157]
[122 156 157]
[122 155 157]
[122 156 157]
[122 156 157]
[121 155 156]
[120 155 156]
[120 156 157]
[119 155 156]
[118 154 156]
[118 154 156]
[118 154 156]
[117 153 155]
[118 153 156]
[117 153 156]
[116 153 155]
[116 152 155]
[115 152 155]
[114 151 154]
[115 151 155]
[114 151 154]
[114 151 155]
[113 150 154]
[112 149 154]
[112 149 154]
[112 148 153]
[111 147 152]
[111 146 153]
[109 144 151]
[109 143 151]
[109 141 150]
[57 53 54]
[156 149 150]
[155 150 151]
[155 150 152]
[154 151 152]
[153 152 152]
[153 153 153]
[152 154 154]
[152 154 154]
[152 155 154]
[151 155 155]
[150 154 154]
[150 155 155]
[150 156 155]
[149 156 155]
[149 156 155]
[148 156 155]
[148 156 155]
[148 157 156]
[147 157 156]
[146 157 156]
[146 157 156]
[146 158 156]
[146 158 156]
[145 158 156]
[144 157 156]
[144 158 156]
[143 158 156]
[143 158 157]
[143 158 156]
[142 159 157]
[142 159 157]
[142 159 157]
[142 159 157]
[141 159 157]
[141 159 157]
[140 159 157]
[140 159 157]
[140 159 157]
[139 159 157]
[138 159 157]
[138 159 157]
[138 159 157]
[138 159 157]
[137 158 157]
[137 159 157]
[136 159 157]
[136 159 157]
[136 159 158]
[136 159 158]
[134 158 157]
[135 159 158]
[134 159 157]
[134 159 158]
[134 160 158]
[134 160 158]
[132 159 157]
[132 159 158]
[132 159 158]
[132 159 158]
[131 159 158]
[131 159 157]
[131 159 158]
[130 159 157]
[130 159 158]
[130 159 158]
[129 158 158]
[129 158 158]
[129 159 158]
[129 159 158]
[128 158 157]
[128 158 157]
[128 159 158]
[127 158 157]
[126 157 157]
[127 158 158]
[126 158 158]
[125 157 157]
[125 157 157]
[124 157 157]
[124 157 157]
[123 156 156]
[123 156 156]
[123 156 157]
[122 156 157]
[122 156 157]
[122 155 156]
[121 155 156]
[121 156 156]
[120 155 156]
[121 156 157]
[119 155 156]
[119 155 156]
[119 154 156]
[118 154 156]
[118 154 155]
[118 153 155]
[117 153 155]
[116 153 155]
[116 153 155]
[116 152 155]
[115 152 155]
[115 151 154]
[114 150 154]
[114 150 154]
[113 150 154]
[112 149 153]
[112 149 153]
[112 148 152]
[111 147 152]
[110 146 152]
[110 145 152]
[109 143 151]
[109 140 149]
[56 53 54]
[156 148 150]
[155 149 150]
[154 151 151]
[154 151 152]
[153 152 152]
[153 153 153]
[152 153 153]
[151 154 153]
[151 155 153]
[151 155 154]
[151 155 154]
[149 155 154]
[149 155 154]
[149 156 155]
[149 156 155]
[149 156 155]
[148 157 155]
[148 156 155]
[147 157 155]
[147 157 155]
[146 157 155]
[146 158 155]
[145 157 155]
[144 157 155]
[145 158 156]
[144 158 156]
[144 158 156]
[143 158 156]
[142 158 156]
[142 158 156]
[142 159 156]
[142 159 156]
[141 159 157]
[141 159 157]
[141 160 158]
[140 159 157]
[140 159 157]
[140 159 157]
[140 160 157]
[138 159 157]
[139 159 157]
[138 159 157]
[137 159 157]
[137 159 157]
[137 159 157]
[137 159 157]
[137 159 158]
[136 159 157]
[135 159 157]
[135 159 158]
[135 159 157]
[134 159 157]
[135 160 158]
[133 159 157]
[133 159 157]
[132 159 157]
[132 159 157]
[132 158 157]
[132 159 158]
[132 159 158]
[131 159 157]
[131 159 157]
[130 159 157]
[130 159 158]
[130 159 157]
[129 159 158]
[129 158 157]
[128 158 157]
[128 159 158]
[128 158 157]
[127 158 157]
[127 158 156]
[127 158 157]
[127 158 157]
[126 158 157]
[126 157 157]
[125 157 157]
[125 157 157]
[124 157 156]
[124 157 157]
[123 157 156]
[123 156 156]
[123 156 156]
[123 156 156]
[122 156 156]
[122 156 156]
[122 156 156]
[121 156 156]
[120 155 155]
[120 155 156]
[119 155 156]
[119 155 156]
[119 154 156]
[118 154 155]
[118 154 155]
[117 153 155]
[117 153 155]
[116 153 155]
[116 152 155]
[115 152 154]
[115 151 154]
[115 152 154]
[114 151 154]
[114 150 154]
[113 150 153]
[112 149 153]
[112 149 153]
[112 148 152]
[111 147 152]
[110 146 151]
[110 144 151]
[109 144 151]
[108 140 148]
[56 52 53]
[156 147 150]
[154 149 149]
[154 150 151]
[154 151 151]
[153 151 151]
[153 153 153]
[153 154 153]
[152 154 153]
[151 154 153]
[150 154 152]
[150 155 153]
[149 155 153]
[149 155 153]
[149 156 154]
[149 156 154]
[148 156 154]
[148 156 154]
[148 157 155]
[147 157 155]
[147 158 155]
[147 158 155]
[146 158 156]
[146 158 155]
[145 158 155]
[144 157 155]
[144 159 156]
[143 158 155]
[143 158 155]
[143 158 156]
[143 159 156]
[142 159 156]
[142 159 156]
[141 159 156]
[141 159 156]
[141 159 157]
[141 159 157]
[141 159 157]
[140 159 157]
[139 159 157]
[140 160 157]
[138 159 156]
[138 159 157]
[138 159 157]
[137 159 157]
[137 160 157]
[136 159 156]
[136 159 157]
[136 159 157]
[136 159 157]
[135 159 157]
[135 159 157]
[134 159 156]
[134 159 156]
[134 159 157]
[134 159 157]
[133 159 157]
[133 159 157]
[132 159 157]
[132 159 157]
[131 159 157]
[131 159 157]
[131 159 157]
[130 159 157]
[130 159 157]
[129 158 157]
[130 159 157]
[129 159 157]
[128 158 157]
[128 158 157]
[127 158 156]
[127 158 156]
[127 158 157]
[127 158 156]
[126 158 156]
[126 157 156]
[125 157 156]
[125 157 156]
[124 157 156]
[124 157 156]
[124 157 156]
[123 157 156]
[123 157 156]
[123 156 155]
[123 157 156]
[122 156 156]
[122 156 155]
[121 155 155]
[120 155 155]
[120 155 156]
[120 155 156]
[119 155 156]
[119 155 156]
[118 154 155]
[118 154 155]
[118 154 154]
[118 154 155]
[116 153 154]
[116 152 154]
[116 153 154]
[116 153 155]
[115 152 154]
[114 151 153]
[113 150 153]
[113 149 152]
[113 150 153]
[112 149 152]
[112 148 152]
[112 148 152]
[111 146 151]
[110 146 151]
[110 145 151]
[109 143 149]
[51 66 69]
[56 52 53]
[156 148 149]
[155 149 149]
[154 150 150]
[154 151 151]
[153 152 151]
[152 152 151]
[153 153 152]
[152 153 153]
[151 154 152]
[150 154 152]
[150 154 152]
[150 156 153]
[150 156 154]
[149 156 154]
[148 156 153]
[149 157 154]
[148 157 154]
[147 156 154]
[147 157 154]
[148 157 155]
[146 157 154]
[146 157 155]
[146 158 155]
[145 158 155]
[145 158 155]
[144 158 156]
[144 158 156]
[143 159 156]
[142 158 155]
[142 158 155]
[143 159 156]
[142 159 156]
[142 159 156]
[142 159 156]
[142 159 157]
[141 159 157]
[140 159 156]
[140 159 156]
[139 159 156]
[138 158 156]
[139 159 157]
[138 159 156]
[138 160 157]
[137 158 156]
[137 160 157]
[137 159 156]
[137 160 157]
[136 159 156]
[135 159 156]
[135 159 157]
[135 159 156]
[135 159 157]
[134 159 156]
[134 159 157]
[133 159 156]
[133 159 157]
[132 159 156]
[132 159 156]
[132 159 157]
[131 159 156]
[131 159 157]
[131 159 156]
[130 158 156]
[130 158 156]
[130 159 157]
[129 158 156]
[129 159 157]
[128 158 156]
[128 158 156]
[128 158 156]
[128 159 156]
[127 158 156]
[127 158 157]
[127 158 156]
[126 158 156]
[125 157 156]
[125 157 155]
[125 157 156]
[125 157 156]
[124 157 156]
[123 157 155]
[124 157 156]
[123 156 155]
[122 156 155]
[122 156 156]
[122 156 155]
[121 156 155]
[120 155 155]
[120 156 155]
[119 154 155]
[119 155 155]
[118 154 155]
[118 154 155]
[118 154 154]
[117 153 154]
[117 153 154]
[117 153 154]
[116 152 153]
[116 153 154]
[115 152 153]
[114 151 153]
[114 151 153]
[114 151 153]
[114 150 153]
[113 150 152]
[112 149 152]
[112 148 152]
[111 147 151]
[111 147 152]
[110 146 151]
[109 144 150]
[109 142 149]
[39 50 53]
[57 52 53]
[156 147 148]
[155 149 149]
[155 151 150]
[155 151 151]
[154 151 151]
[153 152 151]
[152 153 152]
[152 153 152]
[152 154 152]
[151 155 153]
[151 155 153]
[149 155 152]
[149 155 152]
[149 155 153]
[149 156 154]
[149 156 154]
[148 156 153]
[147 156 154]
[147 156 154]
[147 157 154]
[146 157 154]
[145 157 154]
[146 158 155]
[145 158 155]
[144 158 154]
[144 158 155]
[143 158 155]
[144 159 155]
[143 158 155]
[143 159 155]
[142 158 155]
[141 158 155]
[142 159 156]
[142 160 156]
[141 159 156]
[140 159 155]
[140 159 156]
[140 159 156]
[139 159 156]
[139 159 156]
[139 159 156]
[139 159 156]
[139 160 156]
[138 159 156]
[137 159 156]
[137 159 156]
[136 159 156]
[136 159 156]
[135 159 156]
[135 159 156]
[135 159 156]
[134 159 156]
[134 159 156]
[133 159 156]
[133 159 156]
[133 159 157]
[132 159 156]
[132 159 156]
[132 159 156]
[131 159 156]
[131 158 156]
[131 159 156]
[131 159 156]
[130 158 156]
[129 158 156]
[129 158 156]
[129 158 156]
[128 158 156]
[128 158 156]
[128 158 156]
[128 158 156]
[127 158 156]
[127 158 156]
[126 157 155]
[126 157 156]
[125 157 156]
[125 157 155]
[124 157 155]
[124 157 156]
[124 157 156]
[124 157 156]
[123 156 155]
[123 156 156]
[123 156 155]
[122 156 155]
[122 156 155]
[121 155 155]
[120 155 154]
[120 155 155]
[120 155 155]
[120 155 155]
[118 154 154]
[119 154 154]
[118 154 154]
[117 153 153]
[117 153 154]
[117 153 154]
[117 153 154]
[115 152 153]
[114 151 153]
[115 152 153]
[114 151 152]
[114 151 152]
[113 150 152]
[113 149 152]
[112 148 151]
[112 148 151]
[111 147 151]
[110 146 150]
[110 146 150]
[109 144 149]
[109 142 149]
[39 49 52]
[20 18 19]
[156 148 148]
[156 149 149]
[155 150 150]
[154 151 150]
[154 152 151]
[153 152 151]
[153 153 152]
[153 154 152]
[151 154 151]
[151 154 152]
[151 155 152]
[150 155 153]
[150 156 153]
[149 156 153]
[149 156 153]
[148 156 152]
[148 156 153]
[147 156 153]
[147 156 153]
[147 157 154]
[146 157 154]
[146 157 154]
[146 157 154]
[146 158 154]
[145 158 154]
[144 158 155]
[144 158 155]
[143 158 155]
[143 158 155]
[142 158 155]
[142 159 155]
[142 159 155]
[141 159 155]
[141 159 155]
[141 159 155]
[140 159 155]
[140 159 155]
[140 159 156]
[139 159 156]
[139 159 156]
[138 158 155]
[139 159 156]
[139 160 156]
[138 160 156]
[138 160 156]
[137 160 155]
[137 159 155]
[136 159 155]
[136 159 156]
[135 159 156]
[135 159 156]
[134 159 156]
[134 159 156]
[133 159 155]
[133 159 155]
[133 159 155]
[133 159 156]
[132 159 156]
[132 159 156]
[132 160 156]
[131 158 155]
[131 159 156]
[130 158 155]
[130 159 156]
[130 158 156]
[129 158 156]
[129 158 155]
[128 158 155]
[128 158 156]
[128 158 156]
[127 158 155]
[127 158 155]
[126 158 155]
[126 157 155]
[126 157 155]
[126 158 156]
[125 157 155]
[124 157 155]
[125 157 156]
[124 157 155]
[123 156 155]
[123 157 155]
[123 157 155]
[123 156 155]
[122 156 155]
[121 155 154]
[121 155 154]
[120 155 155]
[120 155 154]
[120 155 154]
[119 155 154]
[119 154 154]
[119 154 154]
[118 154 154]
[118 153 153]
[117 153 153]
[117 153 153]
[117 153 153]
[116 152 153]
[115 152 153]
[115 151 152]
[114 151 152]
[114 151 152]
[114 151 152]
[113 149 152]
[112 148 150]
[112 148 150]
[112 147 150]
[111 146 150]
[110 145 149]
[109 143 149]
[108 142 148]
[39 49 52]
[157 146 146]
[156 149 148]
[154 150 148]
[154 151 149]
[154 152 150]
[153 152 151]
[153 153 151]
[152 153 151]
[152 154 152]
[150 154 151]
[150 154 152]
[150 155 152]
[150 156 153]
[149 156 152]
[149 156 153]
[148 156 153]
[148 157 153]
[147 156 153]
[147 157 153]
[147 157 154]
[146 157 154]
[146 157 153]
[146 158 154]
[146 158 154]
[145 158 154]
[145 158 154]
[144 159 155]
[143 158 154]
[143 159 155]
[142 159 155]
[142 159 155]
[142 159 155]
[141 159 155]
[141 159 155]
[141 159 155]
[140 159 155]
[141 159 156]
[140 159 156]
[140 159 155]
[140 160 156]
[139 159 156]
[138 159 155]
[138 159 155]
[138 160 156]
[137 159 155]
[137 159 155]
[137 160 155]
[136 159 155]
[136 159 156]
[136 159 156]
[135 159 156]
[134 159 155]
[134 159 155]
[134 160 156]
[133 159 155]
[133 159 156]
[132 159 155]
[132 159 155]
[132 159 156]
[132 159 156]
[131 159 155]
[131 159 156]
[131 159 156]
[130 159 156]
[129 158 155]
[129 158 155]
[129 158 155]
[128 158 155]
[128 158 155]
[128 158 155]
[127 158 155]
[127 158 155]
[127 158 155]
[126 158 154]
[125 157 154]
[125 157 154]
[125 157 155]
[125 157 155]
[125 157 155]
[124 157 155]
[123 156 154]
[124 157 155]
[122 156 154]
[123 156 155]
[122 156 154]
[121 156 154]
[121 156 154]
[120 155 154]
[120 155 154]
[120 155 154]
[119 155 154]
[119 154 153]
[119 154 153]
[119 154 154]
[117 153 153]
[118 153 153]
[118 154 154]
[116 153 153]
[115 152 153]
[115 152 152]
[115 151 152]
[115 151 152]
[114 150 151]
[113 150 151]
[113 149 151]
[112 148 151]
[112 148 150]
[112 147 150]
[110 146 149]
[110 145 149]
[110 144 149]
[109 142 147]
[157 146 146]
[156 149 148]
[155 150 148]
[154 151 149]
[153 151 149]
[154 153 151]
[153 153 151]
[152 153 151]
[152 154 151]
[151 154 151]
[150 154 151]
[150 155 152]
[150 155 152]
[149 156 152]
[149 156 152]
[148 156 152]
[147 156 152]
[147 157 153]
[147 157 153]
[147 157 154]
[146 157 153]
[146 157 153]
[146 158 154]
[145 157 153]
[145 157 153]
[144 157 153]
[144 158 154]
[143 158 154]
[143 158 154]
[143 159 155]
[142 159 155]
[142 159 155]
[141 159 155]
[141 159 155]
[140 159 154]
[140 159 155]
[141 160 156]
[140 160 155]
[139 159 155]
[139 159 155]
[139 159 155]
[138 159 155]
[138 159 154]
[138 159 155]
[137 159 155]
[137 160 155]
[137 160 155]
[137 160 155]
[136 160 155]
[136 159 155]
[135 159 155]
[134 159 155]
[134 159 155]
[134 159 155]
[133 159 155]
[133 159 156]
[133 159 155]
[132 159 155]
[132 159 155]
[132 159 155]
[131 159 155]
[130 159 155]
[130 159 155]
[130 159 155]
[130 159 155]
[130 159 156]
[129 158 155]
[129 158 155]
[128 158 155]
[129 158 155]
[128 158 155]
[126 157 154]
[127 158 155]
[126 158 155]
[126 158 155]
[126 157 155]
[125 157 155]
[125 157 154]
[124 157 155]
[124 157 155]
[124 156 154]
[123 157 155]
[123 156 154]
[122 156 154]
[122 156 154]
[121 156 154]
[121 156 154]
[120 155 154]
[120 155 155]
[120 155 154]
[119 154 153]
[119 154 153]
[118 153 153]
[118 153 153]
[118 153 152]
[118 153 153]
[116 153 152]
[116 153 153]
[116 152 152]
[115 152 152]
[115 151 152]
[114 151 151]
[114 150 151]
[113 150 151]
[112 149 150]
[112 148 150]
[112 148 150]
[112 147 149]
[111 146 150]
[110 145 149]
[109 144 148]
[109 142 147]
[101  94  94]
[156 149 147]
[155 150 148]
[155 151 149]
[154 152 149]
[154 153 150]
[153 153 150]
[153 154 151]
[151 153 150]
[151 154 151]
[151 154 151]
[150 155 151]
[150 155 152]
[150 156 152]
[148 156 152]
[149 156 152]
[148 157 152]
[147 157 152]
[147 157 153]
[147 157 153]
[147 157 153]
[146 158 153]
[146 158 153]
[146 158 154]
[145 158 154]
[145 159 154]
[144 158 154]
[144 159 154]
[143 159 154]
[143 159 154]
[142 159 154]
[142 159 154]
[141 159 154]
[141 159 154]
[141 159 155]
[140 159 155]
[140 159 154]
[140 159 154]
[140 159 155]
[139 159 154]
[139 159 155]
[139 159 154]
[138 159 154]
[138 159 155]
[138 160 155]
[137 159 155]
[137 159 155]
[136 159 155]
[136 159 155]
[135 159 155]
[135 159 155]
[135 159 155]
[134 159 155]
[134 159 155]
[134 159 155]
[133 159 155]
[133 159 155]
[132 159 155]
[132 159 155]
[132 159 155]
[131 159 155]
[130 159 155]
[130 159 155]
[130 159 155]
[130 159 155]
[129 159 154]
[129 159 155]
[129 158 155]
[128 158 154]
[128 158 155]
[127 158 154]
[127 158 154]
[127 158 155]
[126 157 154]
[126 158 155]
[125 158 155]
[125 157 154]
[124 157 154]
[124 157 154]
[124 157 154]
[123 157 154]
[124 157 154]
[123 156 154]
[122 156 154]
[121 156 153]
[121 156 153]
[120 155 153]
[121 156 154]
[120 155 153]
[120 155 153]
[119 154 152]
[119 154 153]
[119 154 153]
[118 154 153]
[118 153 152]
[117 153 152]
[117 153 152]
[116 153 152]
[115 152 152]
[116 152 152]
[115 151 151]
[115 151 152]
[114 150 151]
[113 150 150]
[113 150 151]
[112 148 150]
[112 148 150]
[111 147 149]
[111 146 149]
[110 145 148]
[109 144 147]
[109 141 146]
[101  94  93]
[157 149 147]
[155 150 147]
[154 151 148]
[154 151 149]
[154 153 150]
[153 153 150]
[152 153 150]
[151 153 150]
[151 154 150]
[150 154 150]
[150 155 151]
[150 155 151]
[150 156 151]
[149 156 152]
[148 156 152]
[148 156 152]
[147 157 152]
[147 156 152]
[147 157 153]
[146 157 152]
[146 158 153]
[145 157 152]
[145 157 153]
[144 157 153]
[145 158 154]
[144 159 154]
[143 158 153]
[143 159 154]
[143 159 153]
[143 159 154]
[142 159 153]
[142 159 154]
[142 160 155]
[140 159 154]
[140 159 154]
[140 159 154]
[140 159 154]
[140 159 154]
[139 159 154]
[139 159 154]
[138 159 154]
[138 159 154]
[138 159 154]
[137 159 154]
[137 159 154]
[136 159 154]
[136 160 155]
[136 160 155]
[135 159 155]
[135 159 155]
[134 159 154]
[134 159 155]
[134 159 155]
[134 159 155]
[133 159 154]
[133 159 154]
[133 159 155]
[132 159 155]
[131 159 154]
[131 159 154]
[131 159 155]
[130 159 154]
[130 159 154]
[130 159 155]
[129 158 155]
[129 158 154]
[129 159 155]
[128 158 154]
[128 158 154]
[128 158 154]
[127 158 154]
[127 158 154]
[125 157 154]
[126 158 155]
[125 158 154]
[124 157 154]
[124 157 154]
[124 157 154]
[123 157 153]
[123 156 154]
[123 157 154]
[123 157 154]
[123 157 154]
[122 156 153]
[121 156 153]
[121 156 154]
[120 155 153]
[120 155 153]
[120 155 153]
[120 155 153]
[118 154 152]
[118 153 151]
[118 153 152]
[118 153 152]
[118 153 152]
[117 153 151]
[116 152 151]
[115 151 151]
[115 152 151]
[115 152 152]
[114 151 151]
[114 151 151]
[113 150 150]
[112 149 150]
[112 149 150]
[112 148 149]
[111 147 149]
[111 146 149]
[110 145 147]
[109 144 147]
[ 79 102 106]
[101  93  93]
[156 148 146]
[156 150 147]
[155 151 148]
[154 151 148]
[153 152 149]
[153 153 149]
[152 153 149]
[152 153 149]
[151 154 150]
[151 154 150]
[150 155 151]
[150 155 151]
[149 155 150]
[149 156 151]
[149 157 152]
[148 156 152]
[147 156 152]
[147 157 152]
[147 157 152]
[146 158 153]
[146 158 153]
[146 158 153]
[146 158 153]
[144 158 152]
[144 158 152]
[144 158 153]
[143 158 153]
[144 159 153]
[143 159 153]
[142 159 153]
[142 159 153]
[142 160 154]
[141 159 153]
[141 159 154]
[141 160 154]
[140 159 154]
[139 159 153]
[139 159 154]
[139 159 153]
[139 159 154]
[138 159 154]
[138 159 153]
[138 159 154]
[138 159 154]
[137 159 154]
[137 160 154]
[136 160 154]
[135 159 154]
[135 159 154]
[135 159 154]
[134 159 154]
[134 159 154]
[133 159 154]
[133 159 154]
[133 160 155]
[133 159 155]
[132 159 154]
[132 159 155]
[131 158 154]
[131 159 154]
[131 159 154]
[131 159 154]
[130 159 154]
[130 159 154]
[130 159 154]
[128 158 153]
[128 158 154]
[128 159 154]
[128 158 154]
[128 158 154]
[127 158 154]
[126 158 154]
[126 158 154]
[126 158 154]
[125 157 153]
[124 157 153]
[124 157 153]
[123 157 153]
[124 157 154]
[123 157 153]
[123 156 153]
[123 156 153]
[122 156 153]
[121 156 153]
[121 156 153]
[121 155 152]
[120 155 153]
[121 156 153]
[120 155 152]
[119 154 152]
[118 154 152]
[118 154 152]
[118 154 152]
[118 154 152]
[118 154 152]
[117 153 151]
[115 152 151]
[115 152 151]
[114 151 150]
[115 151 151]
[114 150 150]
[114 150 150]
[113 149 149]
[113 149 149]
[112 149 149]
[112 147 149]
[112 147 149]
[110 146 148]
[110 145 147]
[109 143 146]
[70 91 93]
[102  93  92]
[156 148 145]
[156 149 146]
[154 151 147]
[154 152 148]
[154 152 149]
[152 152 149]
[153 154 149]
[151 153 148]
[151 154 149]
[151 154 150]
[150 155 150]
[151 156 151]
[150 156 151]
[149 156 151]
[149 156 151]
[148 156 151]
[148 156 151]
[147 156 151]
[146 157 151]
[146 158 152]
[146 158 152]
[146 158 152]
[145 157 152]
[145 157 152]
[145 158 153]
[144 158 153]
[144 158 153]
[143 159 153]
[144 159 153]
[142 159 153]
[142 159 153]
[141 158 153]
[142 160 153]
[141 159 153]
[140 159 153]
[140 160 153]
[140 159 153]
[139 159 153]
[140 160 154]
[139 159 153]
[138 159 154]
[138 159 154]
[137 159 153]
[137 159 153]
[137 159 154]
[137 159 154]
[136 160 154]
[135 159 154]
[135 159 154]
[135 158 154]
[135 159 154]
[134 159 154]
[133 159 154]
[133 159 153]
[132 159 153]
[132 159 153]
[132 159 153]
[132 159 154]
[132 159 154]
[131 159 154]
[131 159 154]
[131 159 154]
[130 159 154]
[130 159 153]
[129 158 153]
[129 159 154]
[129 158 153]
[128 158 154]
[128 159 154]
[128 159 154]
[127 158 154]
[126 158 153]
[126 158 153]
[125 157 153]
[125 157 153]
[125 158 154]
[124 157 153]
[124 157 153]
[123 157 153]
[123 156 153]
[123 156 153]
[122 156 152]
[122 155 152]
[121 155 152]
[122 156 153]
[121 155 152]
[120 155 152]
[120 155 152]
[120 155 152]
[119 155 152]
[119 154 152]
[119 154 151]
[118 154 151]
[118 153 151]
[117 153 151]
[116 152 150]
[115 152 150]
[115 152 150]
[115 152 150]
[115 151 150]
[114 150 149]
[114 150 149]
[113 150 150]
[112 149 149]
[112 148 148]
[112 147 148]
[111 147 148]
[111 146 147]
[109 144 146]
[109 143 145]
[70 91 93]
[156 147 144]
[155 149 145]
[154 150 146]
[153 151 147]
[154 152 148]
[153 153 148]
[153 154 149]
[152 154 149]
[151 154 148]
[151 154 148]
[150 154 149]
[150 154 149]
[150 156 150]
[149 155 150]
[149 156 151]
[148 156 151]
[148 156 151]
[147 156 151]
[147 157 151]
[146 157 152]
[146 158 152]
[145 158 151]
[145 158 152]
[145 158 152]
[145 158 152]
[144 158 152]
[144 158 152]
[143 158 152]
[143 158 152]
[142 158 152]
[142 159 153]
[142 159 153]
[141 159 153]
[141 159 152]
[140 159 152]
[140 159 153]
[140 159 153]
[139 159 153]
[139 159 153]
[139 159 153]
[138 159 153]
[138 159 153]
[137 159 153]
[137 158 153]
[137 159 153]
[136 159 153]
[136 159 153]
[136 159 154]
[136 159 154]
[135 159 154]
[134 159 153]
[134 159 153]
[134 159 153]
[133 158 153]
[133 159 154]
[132 159 153]
[132 158 154]
[132 159 154]
[131 159 153]
[131 159 153]
[130 159 153]
[131 159 153]
[130 159 153]
[130 159 153]
[129 158 153]
[129 159 154]
[128 158 153]
[128 158 153]
[128 159 154]
[127 158 153]
[127 158 153]
[126 158 153]
[126 158 153]
[125 157 153]
[125 158 153]
[125 157 153]
[124 157 152]
[124 157 153]
[123 157 153]
[123 157 153]
[123 156 152]
[123 156 152]
[122 156 152]
[122 156 152]
[121 156 152]
[121 156 152]
[120 155 151]
[120 155 151]
[119 154 151]
[119 154 151]
[118 153 151]
[119 154 151]
[118 153 151]
[117 153 151]
[117 153 150]
[116 153 151]
[116 152 150]
[116 152 150]
[115 151 150]
[115 151 150]
[114 150 149]
[113 150 149]
[112 149 148]
[112 149 149]
[112 148 148]
[111 147 147]
[111 147 147]
[110 146 146]
[109 144 146]
[109 143 145]
[70 89 92]
[157 148 145]
[155 148 144]
[154 151 146]
[154 152 147]
[154 152 148]
[153 152 147]
[153 153 149]
[152 154 148]
[151 154 148]
[151 154 148]
[151 155 149]
[150 155 150]
[150 156 150]
[149 156 150]
[148 156 150]
[148 156 150]
[148 156 151]
[148 157 152]
[147 157 151]
[146 157 151]
[146 158 152]
[145 158 151]
[145 158 152]
[145 158 151]
[145 158 152]
[144 158 152]
[144 158 151]
[143 158 152]
[143 158 152]
[142 158 152]
[142 159 152]
[142 159 152]
[141 158 152]
[141 159 153]
[141 159 153]
[140 159 153]
[140 160 153]
[139 159 152]
[139 159 153]
[139 160 153]
[138 159 153]
[138 160 153]
[137 159 153]
[137 159 153]
[137 159 153]
[136 159 153]
[136 159 153]
[135 159 153]
[135 159 153]
[134 158 152]
[135 159 154]
[134 159 153]
[133 158 152]
[133 159 153]
[133 159 153]
[132 159 153]
[133 159 153]
[133 160 154]
[132 159 153]
[131 159 153]
[131 159 153]
[130 158 152]
[130 159 153]
[130 159 153]
[130 159 153]
[129 158 153]
[129 159 153]
[128 158 153]
[127 158 152]
[128 159 153]
[127 159 153]
[126 158 153]
[125 157 152]
[125 157 152]
[126 158 153]
[125 157 152]
[125 157 153]
[124 157 152]
[124 157 153]
[123 157 152]
[123 156 152]
[122 156 152]
[122 156 152]
[121 155 151]
[122 156 152]
[121 156 152]
[120 154 151]
[120 155 151]
[120 155 152]
[119 154 151]
[118 153 151]
[118 153 150]
[118 154 150]
[117 153 150]
[117 153 150]
[116 153 150]
[115 152 149]
[115 152 149]
[115 152 149]
[114 150 148]
[114 150 149]
[114 150 149]
[112 149 148]
[113 149 148]
[111 147 147]
[111 147 147]
[110 146 146]
[110 145 146]
[109 144 146]
[108 142 144]
[5 7 7]
[157 147 144]
[156 149 145]
[155 151 146]
[154 151 147]
[153 152 146]
[153 152 147]
[152 153 147]
[153 154 148]
[152 154 148]
[151 154 148]
[151 155 149]
[150 155 149]
[150 155 149]
[149 156 149]
[148 156 149]
[148 156 150]
[148 157 150]
[148 156 150]
[147 157 151]
[146 157 151]
[146 157 150]
[146 158 151]
[145 157 151]
[145 158 151]
[145 158 152]
[144 158 152]
[144 158 152]
[144 159 152]
[143 158 151]
[142 158 152]
[142 158 152]
[142 159 152]
[141 158 151]
[141 159 152]
[140 159 152]
[140 159 152]
[139 158 151]
[139 159 152]
[139 159 152]
[138 158 152]
[138 159 153]
[138 159 152]
[137 159 152]
[137 159 152]
[136 159 153]
[135 158 152]
[136 159 152]
[136 159 153]
[135 159 152]
[135 159 153]
[135 159 152]
[134 159 153]
[133 159 152]
[133 159 152]
[133 159 153]
[132 159 153]
[132 159 152]
[132 159 153]
[131 159 153]
[132 160 153]
[131 159 153]
[130 159 152]
[130 159 153]
[131 160 153]
[129 159 153]
[129 159 153]
[128 158 152]
[128 158 153]
[128 158 153]
[127 158 153]
[126 157 152]
[126 158 152]
[126 157 152]
[126 158 152]
[125 157 152]
[125 158 152]
[124 157 152]
[124 157 152]
[124 157 152]
[124 157 152]
[123 157 152]
[122 156 151]
[122 156 151]
[121 156 151]
[121 156 151]
[121 156 151]
[120 155 151]
[120 155 151]
[120 155 151]
[119 154 151]
[118 154 150]
[119 154 151]
[118 153 150]
[117 153 150]
[116 153 150]
[115 152 149]
[115 152 149]
[115 152 149]
[114 151 149]
[114 151 149]
[114 150 148]
[113 150 148]
[113 149 148]
[112 149 147]
[112 148 147]
[111 148 147]
[111 147 146]
[110 145 146]
[109 144 145]
[109 142 144]
[146 137 133]
[156 149 144]
[155 151 145]
[154 151 146]
[153 152 146]
[153 152 146]
[153 154 147]
[152 153 147]
[152 154 148]
[151 154 148]
[151 155 148]
[150 155 148]
[150 155 149]
[149 156 149]
[149 156 150]
[148 157 150]
[148 157 150]
[147 157 150]
[147 157 150]
[146 157 150]
[146 157 151]
[146 158 151]
[145 158 151]
[145 158 151]
[145 158 151]
[144 158 151]
[144 158 151]
[143 158 152]
[143 158 151]
[142 158 151]
[142 159 152]
[142 159 152]
[141 158 151]
[141 159 152]
[140 159 151]
[140 159 151]
[140 159 152]
[139 159 152]
[139 159 152]
[139 159 152]
[139 159 153]
[138 160 153]
[137 159 152]
[137 159 153]
[137 159 153]
[136 159 152]
[136 159 152]
[136 159 152]
[135 159 152]
[135 160 152]
[135 159 152]
[135 160 153]
[134 159 152]
[133 159 152]
[133 159 152]
[132 159 152]
[132 159 153]
[132 159 153]
[132 159 153]
[131 159 152]
[131 159 152]
[130 159 152]
[130 159 153]
[130 159 152]
[129 159 152]
[129 159 152]
[128 158 152]
[128 158 152]
[128 159 153]
[128 159 153]
[127 158 152]
[127 158 152]
[126 158 153]
[126 158 152]
[125 157 152]
[125 157 152]
[125 157 152]
[124 157 151]
[124 157 151]
[124 157 151]
[123 156 151]
[123 156 151]
[122 156 151]
[122 156 151]
[121 156 151]
[121 156 151]
[120 155 151]
[120 155 151]
[120 155 150]
[119 154 150]
[119 154 150]
[118 153 150]
[117 153 150]
[117 153 149]
[116 153 149]
[116 153 149]
[116 152 149]
[115 152 149]
[115 152 149]
[114 150 148]
[114 150 148]
[113 150 148]
[113 149 148]
[112 148 147]
[111 148 146]
[111 148 146]
[111 146 146]
[110 146 146]
[110 145 145]
[109 142 144]
[145 137 132]
[156 148 143]
[155 150 145]
[154 151 145]
[154 152 146]
[153 153 146]
[153 153 147]
[152 153 146]
[151 153 146]
[151 154 147]
[150 155 147]
[149 155 147]
[150 156 148]
[149 156 149]
[149 156 149]
[149 157 150]
[147 156 149]
[148 157 150]
[147 157 149]
[147 157 150]
[146 157 150]
[146 158 150]
[145 158 150]
[145 158 150]
[145 158 151]
[144 158 150]
[144 158 151]
[143 158 151]
[143 158 151]
[142 158 151]
[142 159 151]
[142 158 151]
[142 159 151]
[141 159 151]
[141 159 151]
[140 159 151]
[141 160 152]
[139 159 151]
[139 159 152]
[139 159 152]
[138 159 152]
[138 159 152]
[138 159 152]
[137 159 152]
[136 159 152]
[136 159 152]
[136 159 152]
[136 159 152]
[136 160 152]
[136 160 152]
[135 159 152]
[134 159 151]
[134 159 152]
[133 159 152]
[133 159 152]
[133 159 152]
[132 159 152]
[132 159 152]
[131 159 151]
[131 159 152]
[131 159 152]
[130 159 152]
[130 159 152]
[129 159 152]
[130 159 152]
[128 158 152]
[128 158 152]
[127 158 151]
[128 158 152]
[127 158 152]
[127 158 152]
[127 158 152]
[126 158 152]
[126 157 152]
[125 157 151]
[125 157 151]
[125 157 151]
[124 157 151]
[124 157 151]
[124 156 151]
[123 156 151]
[122 156 150]
[122 156 151]
[121 155 150]
[121 156 150]
[121 156 150]
[120 155 150]
[120 155 150]
[120 155 150]
[119 154 150]
[118 154 149]
[118 153 149]
[118 154 150]
[117 153 149]
[116 152 149]
[117 153 149]
[115 152 148]
[116 152 149]
[115 151 148]
[115 151 148]
[114 150 148]
[113 149 147]
[114 150 148]
[112 149 147]
[111 148 146]
[111 147 146]
[111 146 145]
[110 145 145]
[109 144 144]
[109 142 143]
[146 136 133]
[156 148 143]
[155 149 144]
[154 151 145]
[154 152 145]
[153 153 146]
[153 153 146]
[153 154 147]
[152 154 147]
[151 154 147]
[151 155 147]
[150 155 147]
[149 155 148]
[149 155 148]
[149 156 149]
[148 156 149]
[148 156 149]
[147 156 149]
[147 157 149]
[146 157 149]
[146 157 149]
[146 158 150]
[145 158 150]
[145 158 150]
[145 158 150]
[144 158 150]
[144 159 151]
[143 159 150]
[143 159 151]
[143 158 151]
[142 159 151]
[142 159 151]
[141 158 150]
[141 159 150]
[140 159 151]
[140 158 150]
[140 159 151]
[139 159 151]
[139 159 151]
[138 158 151]
[138 158 151]
[138 160 152]
[138 159 152]
[137 159 151]
[137 159 152]
[136 159 151]
[136 160 151]
[136 160 152]
[136 160 152]
[135 160 152]
[135 160 152]
[134 159 151]
[133 158 151]
[134 160 152]
[133 159 152]
[132 159 152]
[133 159 152]
[132 159 152]
[132 159 151]
[131 159 151]
[131 159 152]
[130 159 151]
[130 159 151]
[129 158 151]
[129 158 151]
[129 159 151]
[128 158 151]
[128 159 152]
[128 158 151]
[128 159 152]
[127 158 152]
[127 158 151]
[127 158 151]
[126 158 151]
[125 157 151]
[125 157 150]
[125 156 150]
[125 158 151]
[124 156 150]
[123 156 151]
[123 156 151]
[123 156 151]
[122 156 151]
[121 156 150]
[121 156 150]
[121 155 150]
[120 155 150]
[120 154 149]
[120 155 150]
[118 154 149]
[119 154 149]
[119 154 150]
[118 154 149]
[117 153 148]
[117 153 149]
[117 153 149]
[117 153 149]
[116 152 148]
[115 151 148]
[114 151 147]
[114 150 147]
[114 150 147]
[113 150 147]
[112 149 146]
[111 147 145]
[110 147 145]
[111 146 145]
[110 145 144]
[109 143 143]
[101 131 132]
[145 135 131]
[156 148 142]
[155 149 144]
[154 151 145]
[154 152 145]
[153 153 146]
[153 153 146]
[152 153 146]
[152 153 146]
[151 154 146]
[151 154 147]
[150 155 147]
[149 155 148]
[149 156 148]
[149 156 148]
[148 156 148]
[148 156 149]
[148 157 149]
[147 157 149]
[147 157 149]
[146 157 149]
[146 158 149]
[145 158 149]
[145 158 149]
[144 158 149]
[144 158 149]
[143 158 149]
[143 159 150]
[143 158 149]
[143 159 150]
[142 159 150]
[142 159 150]
[142 159 150]
[141 159 150]
[141 159 151]
[140 159 151]
[139 158 150]
[139 159 150]
[139 159 151]
[139 159 151]
[138 159 151]
[138 159 151]
[137 160 151]
[138 160 151]
[137 159 151]
[137 160 151]
[137 160 151]
[136 160 152]
[135 159 151]
[135 159 151]
[134 159 151]
[134 159 151]
[134 159 151]
[133 159 151]
[133 159 151]
[133 159 151]
[132 159 152]
[132 159 151]
[132 159 151]
[131 159 151]
[130 159 151]
[130 159 151]
[130 158 151]
[130 159 151]
[130 158 151]
[129 158 151]
[128 158 151]
[128 158 150]
[128 158 151]
[127 158 151]
[127 158 151]
[126 157 150]
[126 158 151]
[126 158 150]
[125 157 150]
[125 157 150]
[125 157 150]
[124 157 150]
[123 156 150]
[123 156 150]
[123 157 151]
[123 156 151]
[122 156 150]
[122 156 150]
[121 156 150]
[121 156 150]
[120 155 149]
[120 155 149]
[120 155 149]
[119 154 148]
[119 154 149]
[119 154 149]
[118 153 148]
[117 153 148]
[117 153 148]
[116 153 147]
[116 152 148]
[116 152 147]
[115 151 147]
[114 151 147]
[114 150 147]
[113 150 146]
[113 149 146]
[112 148 145]
[111 147 145]
[111 148 145]
[111 147 145]
[110 145 144]
[109 144 143]
[101 131 132]
[53 49 47]
[156 148 142]
[155 150 143]
[154 151 144]
[154 151 144]
[154 152 145]
[153 152 145]
[153 154 146]
[151 154 146]
[151 154 146]
[150 154 146]
[150 154 146]
[149 155 147]
[149 156 147]
[148 155 147]
[148 156 148]
[148 156 148]
[148 156 148]
[148 157 149]
[147 157 148]
[145 157 148]
[145 157 148]
[145 158 149]
[145 157 148]
[145 158 149]
[144 158 149]
[143 158 149]
[143 158 149]
[144 159 150]
[143 159 150]
[142 159 150]
[142 159 150]
[141 159 150]
[141 159 150]
[141 159 150]
[140 159 150]
[140 159 150]
[139 159 151]
[139 159 151]
[139 159 151]
[138 159 150]
[138 159 151]
[137 159 151]
[137 159 151]
[137 159 151]
[137 159 151]
[137 160 151]
[136 160 151]
[135 160 151]
[135 160 151]
[135 159 151]
[134 159 151]
[133 159 151]
[134 159 151]
[133 159 152]
[133 159 151]
[132 159 151]
[132 159 151]
[132 159 151]
[132 159 151]
[131 159 150]
[130 159 151]
[130 158 151]
[130 158 151]
[130 158 151]
[129 158 151]
[128 158 150]
[128 158 150]
[128 158 150]
[128 158 151]
[127 158 150]
[127 158 150]
[126 158 150]
[126 158 150]
[125 157 150]
[125 157 150]
[124 157 149]
[124 157 150]
[123 157 150]
[123 156 150]
[123 156 150]
[123 156 150]
[123 156 150]
[122 156 149]
[121 156 149]
[121 155 149]
[120 155 149]
[120 155 149]
[120 155 149]
[119 154 149]
[119 154 148]
[118 154 148]
[118 153 148]
[117 153 148]
[117 153 148]
[116 152 147]
[117 152 148]
[116 152 147]
[115 151 147]
[114 151 146]
[114 150 146]
[114 151 147]
[112 149 146]
[112 148 145]
[111 148 145]
[111 147 144]
[110 146 144]
[110 144 143]
[109 143 142]
[100 129 130]
[156 148 141]
[155 149 142]
[154 151 143]
[154 152 144]
[153 152 143]
[153 153 145]
[152 153 145]
[152 154 145]
[151 154 146]
[150 154 146]
[150 154 146]
[149 155 146]
[149 156 147]
[149 156 147]
[148 155 146]
[148 156 147]
[148 157 148]
[148 157 148]
[146 157 148]
[146 157 148]
[146 158 148]
[145 158 148]
[145 157 148]
[145 158 149]
[144 158 149]
[143 158 149]
[143 159 149]
[143 159 150]
[143 159 149]
[142 159 149]
[142 159 149]
[142 159 150]
[141 159 149]
[141 159 149]
[140 158 149]
[140 159 150]
[139 159 150]
[140 160 151]
[139 159 150]
[138 159 150]
[138 159 150]
[138 159 150]
[138 159 151]
[137 159 150]
[137 160 150]
[137 160 151]
[136 159 150]
[136 160 151]
[135 159 151]
[134 159 150]
[134 159 150]
[134 159 150]
[133 159 150]
[133 159 150]
[133 159 151]
[132 159 151]
[132 159 150]
[131 159 150]
[130 158 150]
[131 159 150]
[131 159 151]
[130 159 150]
[130 159 151]
[130 159 151]
[129 158 150]
[129 159 151]
[128 158 150]
[128 159 150]
[128 159 150]
[128 159 150]
[127 158 150]
[126 158 150]
[126 158 150]
[126 158 150]
[125 157 149]
[124 157 149]
[125 158 150]
[123 157 150]
[124 157 150]
[122 156 149]
[123 157 150]
[121 156 149]
[122 156 149]
[122 157 149]
[120 155 148]
[120 155 149]
[119 154 148]
[119 154 148]
[119 154 148]
[119 155 148]
[118 154 148]
[117 153 147]
[117 153 148]
[116 152 147]
[116 152 147]
[116 152 146]
[116 152 146]
[115 151 146]
[114 151 146]
[113 150 146]
[113 150 146]
[113 149 145]
[112 148 144]
[111 147 144]
[111 147 144]
[110 146 143]
[110 144 142]
[109 143 141]
[100 128 128]
[156 148 140]
[155 149 141]
[154 150 142]
[154 152 143]
[153 152 143]
[153 153 144]
[153 154 145]
[152 154 145]
[151 154 145]
[150 154 146]
[150 155 146]
[150 155 146]
[150 156 146]
[149 156 147]
[148 156 147]
[148 156 147]
[148 156 147]
[148 157 148]
[146 157 147]
[146 158 148]
[145 157 148]
[145 158 148]
[146 158 149]
[145 158 148]
[144 158 148]
[144 158 148]
[143 158 149]
[143 159 149]
[142 158 149]
[142 159 149]
[142 159 149]
[142 159 149]
[142 160 150]
[140 159 149]
[140 159 149]
[140 159 149]
[140 159 150]
[139 159 150]
[139 159 150]
[139 159 150]
[138 159 150]
[138 160 151]
[137 159 150]
[137 159 150]
[137 159 150]
[137 160 150]
[136 159 150]
[135 159 150]
[135 159 150]
[135 159 150]
[135 159 151]
[133 158 150]
[134 159 151]
[133 159 150]
[133 160 151]
[132 158 150]
[132 159 150]
[131 159 150]
[132 159 150]
[131 159 150]
[131 159 150]
[130 158 150]
[130 158 150]
[129 158 150]
[129 159 150]
[128 158 149]
[128 158 150]
[128 158 150]
[127 158 149]
[128 159 150]
[127 158 149]
[126 158 149]
[126 158 150]
[125 157 150]
[125 157 150]
[124 157 149]
[124 157 149]
[124 157 150]
[123 157 149]
[123 157 149]
[123 156 149]
[122 156 149]
[122 156 148]
[121 156 148]
[121 155 148]
[120 155 148]
[119 155 148]
[120 155 148]
[119 154 148]
[119 155 148]
[118 154 148]
[118 154 148]
[117 153 147]
[117 153 147]
[116 152 146]
[116 152 146]
[115 151 146]
[115 151 146]
[114 151 146]
[113 150 146]
[113 149 145]
[112 148 144]
[112 148 144]
[111 147 144]
[112 147 144]
[111 146 143]
[110 145 142]
[109 143 140]
[ 79 100 101]
[156 148 140]
[155 150 141]
[155 151 142]
[154 151 143]
[154 152 143]
[153 153 144]
[152 153 144]
[152 154 145]
[151 154 145]
[151 155 146]
[150 155 146]
[150 155 146]
[149 155 146]
[149 156 146]
[148 156 146]
[148 156 147]
[148 156 146]
[148 157 147]
[147 157 147]
[146 157 147]
[146 158 148]
[145 157 148]
[145 158 148]
[145 158 148]
[144 158 148]
[144 158 148]
[144 158 148]
[143 158 148]
[143 159 149]
[142 159 149]
[142 159 149]
[141 159 149]
[141 159 149]
[141 159 149]
[140 159 149]
[140 159 149]
[140 159 149]
[139 159 149]
[139 159 150]
[138 159 149]
[138 159 150]
[138 159 150]
[137 159 149]
[137 160 150]
[137 159 150]
[137 160 150]
[136 160 150]
[136 159 150]
[135 159 150]
[135 159 150]
[135 159 150]
[134 159 150]
[134 159 150]
[133 159 150]
[133 159 150]
[132 159 150]
[132 159 149]
[132 159 150]
[131 159 150]
[131 159 149]
[131 159 150]
[131 159 150]
[130 159 149]
[130 159 150]
[129 159 150]
[128 158 149]
[128 158 149]
[127 158 149]
[128 159 149]
[127 158 149]
[126 158 149]
[126 158 149]
[125 157 149]
[125 157 149]
[125 157 149]
[124 157 149]
[124 157 149]
[123 157 149]
[123 157 149]
[123 157 149]
[123 156 148]
[122 156 148]
[122 156 148]
[121 155 148]
[121 155 148]
[120 155 148]
[120 155 147]
[119 155 148]
[119 154 147]
[118 154 147]
[118 154 147]
[118 153 147]
[117 153 147]
[117 153 147]
[116 152 146]
[115 152 145]
[115 152 146]
[115 151 145]
[114 151 146]
[113 150 145]
[114 150 145]
[113 149 144]
[112 148 144]
[111 147 143]
[111 146 142]
[110 145 142]
[110 145 142]
[109 142 140]
[0 1 1]
[157 148 140]
[156 149 140]
[155 151 142]
[154 151 142]
[153 152 143]
[153 152 143]
[153 153 144]
[152 154 144]
[152 154 145]
[150 154 144]
[151 155 146]
[150 154 145]
[150 155 146]
[149 155 146]
[149 156 146]
[148 156 146]
[148 156 146]
[147 157 146]
[147 157 146]
[146 157 146]
[146 157 147]
[145 158 147]
[145 158 147]
[145 158 148]
[144 158 147]
[144 158 148]
[144 158 148]
[143 158 148]
[142 158 147]
[142 159 148]
[142 159 148]
[142 159 149]
[141 159 148]
[141 159 149]
[140 159 148]
[140 159 149]
[139 159 148]
[139 159 149]
[139 159 149]
[138 159 149]
[137 159 149]
[138 159 149]
[137 159 149]
[137 159 149]
[137 159 149]
[137 160 150]
[136 159 149]
[135 158 149]
[135 159 149]
[135 159 149]
[135 159 150]
[134 159 149]
[134 159 150]
[134 159 150]
[132 158 149]
[133 159 149]
[132 159 149]
[131 159 149]
[131 159 149]
[131 159 149]
[131 159 149]
[130 159 149]
[130 159 149]
[130 159 149]
[129 159 149]
[128 158 149]
[128 159 149]
[127 158 148]
[127 158 149]
[127 158 149]
[127 158 149]
[126 158 149]
[126 158 149]
[125 157 148]
[125 157 149]
[124 157 149]
[124 157 148]
[123 156 149]
[123 157 148]
[123 156 148]
[123 157 148]
[122 157 147]
[121 155 147]
[121 156 148]
[120 155 147]
[120 155 147]
[120 155 147]
[119 155 147]
[119 154 147]
[118 154 147]
[118 154 147]
[118 154 147]
[117 153 146]
[117 153 146]
[116 153 146]
[116 152 145]
[115 151 145]
[114 151 145]
[114 151 145]
[114 150 145]
[113 149 143]
[112 149 143]
[112 148 143]
[111 147 142]
[111 146 141]
[110 145 141]
[110 144 140]
[109 142 139]
[157 147 139]
[155 149 139]
[155 150 141]
[154 151 141]
[153 152 142]
[153 152 142]
[153 153 143]
[153 154 144]
[151 153 143]
[152 155 145]
[150 155 144]
[150 155 145]
[149 155 145]
[149 155 145]
[149 156 146]
[148 156 145]
[148 157 146]
[148 157 147]
[146 157 146]
[146 157 146]
[146 158 147]
[146 158 147]
[145 157 146]
[145 158 147]
[145 159 148]
[144 158 147]
[143 158 147]
[143 159 148]
[143 158 147]
[143 159 148]
[142 159 148]
[142 159 148]
[141 158 147]
[141 159 148]
[141 159 148]
[139 158 148]
[140 159 148]
[139 159 148]
[139 159 149]
[138 159 148]
[138 160 149]
[138 160 149]
[137 160 149]
[137 159 149]
[137 160 149]
[137 160 149]
[136 160 149]
[135 159 149]
[135 159 149]
[135 159 149]
[134 159 149]
[135 160 150]
[133 158 148]
[134 159 149]
[133 159 149]
[132 159 149]
[133 159 149]
[132 159 149]
[132 159 149]
[132 159 149]
[130 158 148]
[131 159 149]
[130 159 149]
[130 159 149]
[129 158 149]
[128 158 149]
[128 159 149]
[128 159 149]
[127 158 149]
[127 158 148]
[126 157 148]
[126 158 148]
[126 158 148]
[125 158 149]
[125 157 148]
[124 157 148]
[124 157 149]
[124 157 148]
[124 157 148]
[123 156 148]
[123 157 148]
[122 156 147]
[122 156 148]
[121 155 147]
[121 156 147]
[120 155 147]
[120 155 147]
[120 155 147]
[118 153 146]
[118 154 146]
[118 154 146]
[117 153 146]
[116 152 145]
[116 153 145]
[116 153 145]
[115 152 145]
[114 151 145]
[114 151 144]
[114 151 145]
[114 149 144]
[112 149 143]
[112 149 143]
[112 149 142]
[112 147 142]
[111 146 141]
[110 146 141]
[110 144 140]
[109 141 138]
[157 147 138]
[155 149 139]
[154 150 140]
[154 151 141]
[154 152 141]
[153 152 142]
[153 153 143]
[152 153 143]
[151 153 143]
[151 154 143]
[150 154 144]
[150 155 144]
[150 156 145]
[150 156 145]
[148 156 145]
[148 156 145]
[148 156 145]
[148 157 146]
[146 157 146]
[146 157 146]
[146 158 146]
[145 157 146]
[144 158 147]
[145 158 147]
[145 158 147]
[144 158 146]
[144 159 147]
[144 159 147]
[143 158 147]
[143 159 147]
[142 159 148]
[142 159 147]
[141 159 147]
[141 159 147]
[141 159 148]
[141 159 148]
[140 159 148]
[140 159 148]
[139 160 149]
[138 159 148]
[138 160 148]
[138 160 149]
[137 159 148]
[137 160 148]
[136 159 148]
[136 159 148]
[136 159 148]
[136 159 149]
[135 158 148]
[134 159 148]
[134 159 148]
[134 159 148]
[133 159 148]
[133 159 148]
[132 159 148]
[133 159 149]
[132 159 148]
[132 159 148]
[132 159 149]
[131 159 148]
[131 159 148]
[130 159 148]
[130 159 149]
[129 158 148]
[129 158 148]
[129 158 148]
[128 158 148]
[127 158 148]
[127 157 148]
[127 158 148]
[127 158 148]
[126 158 148]
[125 157 148]
[125 158 147]
[125 157 148]
[124 157 147]
[123 157 147]
[123 156 147]
[123 156 147]
[123 156 147]
[122 156 147]
[122 156 147]
[121 156 147]
[121 156 147]
[120 155 146]
[120 155 146]
[120 155 146]
[120 155 146]
[119 154 146]
[118 153 145]
[118 153 146]
[117 153 145]
[117 153 145]
[116 152 144]
[115 152 144]
[115 152 145]
[115 152 144]
[114 151 144]
[114 150 144]
[113 149 143]
[112 149 142]
[112 149 142]
[112 149 142]
[111 147 141]
[111 146 141]
[110 145 140]
[109 144 139]
[109 141 138]
[157 145 136]
[155 148 138]
[155 150 140]
[154 151 141]
[154 151 141]
[153 152 141]
[153 153 142]
[152 153 142]
[152 154 143]
[151 154 143]
[151 154 144]
[150 155 144]
[150 155 144]
[149 156 145]
[148 156 144]
[148 156 145]
[148 156 145]
[147 156 145]
[147 157 145]
[147 158 146]
[146 158 146]
[146 158 146]
[145 158 146]
[144 158 146]
[144 158 146]
[144 158 146]
[144 158 147]
[143 158 146]
[142 158 146]
[142 158 146]
[143 159 147]
[142 159 147]
[141 159 147]
[141 159 147]
[140 159 147]
[140 159 147]
[140 159 148]
[140 160 148]
[139 160 148]
[138 159 148]
[138 160 148]
[138 160 148]
[137 160 148]
[137 159 148]
[136 159 148]
[136 159 148]
[136 159 148]
[135 159 148]
[135 159 148]
[134 158 148]
[134 159 148]
[133 159 147]
[133 158 147]
[133 159 148]
[132 159 148]
[132 159 147]
[132 159 148]
[132 159 148]
[131 159 148]
[131 159 148]
[130 159 148]
[129 159 148]
[130 159 148]
[129 158 148]
[129 158 148]
[128 158 148]
[128 158 148]
[127 158 148]
[127 158 148]
[127 158 148]
[127 158 148]
[126 158 148]
[125 157 147]
[125 158 147]
[125 157 148]
[124 157 147]
[124 157 147]
[123 157 147]
[123 156 146]
[123 156 147]
[122 156 146]
[122 156 146]
[122 156 147]
[121 156 146]
[121 155 147]
[120 155 146]
[120 155 146]
[120 155 146]
[119 154 146]
[118 154 146]
[118 153 145]
[117 153 145]
[117 153 144]
[117 153 145]
[116 152 144]
[115 151 143]
[115 151 144]
[114 151 144]
[114 150 143]
[113 150 143]
[113 149 142]
[113 149 142]
[112 148 141]
[111 147 141]
[111 147 141]
[109 145 140]
[110 144 139]
[109 141 137]
[34 32 30]
[156 148 138]
[155 150 139]
[154 151 140]
[153 152 141]
[154 153 142]
[153 153 142]
[152 153 142]
[151 153 142]
[151 154 142]
[151 154 143]
[150 155 143]
[150 155 143]
[149 155 143]
[149 156 144]
[148 156 144]
[147 156 144]
[147 157 145]
[147 157 144]
[147 158 146]
[146 158 145]
[145 158 145]
[145 158 146]
[144 158 146]
[145 159 147]
[144 158 146]
[143 158 146]
[143 159 146]
[142 158 146]
[142 159 146]
[142 159 146]
[142 159 146]
[142 159 147]
[141 159 147]
[140 159 146]
[140 159 147]
[140 159 147]
[139 159 147]
[139 159 147]
[139 160 148]
[138 159 147]
[138 160 148]
[138 160 148]
[137 159 147]
[136 159 147]
[137 160 148]
[135 159 148]
[135 159 148]
[135 159 147]
[135 160 147]
[134 159 147]
[134 159 148]
[133 159 147]
[132 159 147]
[132 159 147]
[132 158 147]
[133 160 147]
[132 159 147]
[132 159 148]
[130 158 147]
[131 159 148]
[129 158 147]
[130 159 148]
[129 158 147]
[129 158 147]
[128 158 147]
[128 158 148]
[128 158 148]
[127 158 147]
[127 158 147]
[126 157 147]
[126 158 147]
[126 158 147]
[126 158 147]
[125 156 146]
[124 157 147]
[124 157 147]
[123 157 147]
[123 156 146]
[122 156 146]
[123 156 146]
[122 155 146]
[121 155 146]
[121 155 146]
[120 155 146]
[120 154 145]
[119 154 145]
[120 155 146]
[119 154 145]
[118 153 145]
[118 153 144]
[118 153 145]
[117 152 144]
[117 153 144]
[116 153 144]
[115 152 143]
[115 151 143]
[114 150 142]
[113 150 142]
[113 150 142]
[113 149 142]
[113 149 142]
[112 148 141]
[111 147 140]
[110 146 140]
[110 145 139]
[109 144 138]
[108 140 136]
[33 31 29]
[156 148 137]
[155 150 138]
[155 151 140]
[154 152 140]
[154 152 140]
[153 154 141]
[153 154 142]
[151 153 141]
[151 154 142]
[151 155 143]
[150 155 143]
[150 156 143]
[149 156 143]
[148 156 143]
[149 157 144]
[148 157 144]
[147 157 144]
[146 157 144]
[147 158 145]
[147 158 145]
[146 158 145]
[145 158 145]
[145 158 146]
[144 158 145]
[144 159 146]
[143 158 145]
[143 158 146]
[143 159 146]
[142 158 146]
[142 159 146]
[142 159 146]
[142 159 146]
[141 159 146]
[141 159 147]
[140 159 147]
[140 159 146]
[139 159 146]
[139 159 147]
[138 159 147]
[138 160 147]
[137 159 147]
[137 160 147]
[136 160 147]
[136 159 147]
[136 159 147]
[136 159 148]
[135 159 147]
[135 159 147]
[134 159 147]
[135 159 147]
[134 160 148]
[134 160 147]
[132 159 147]
[132 159 147]
[133 159 147]
[132 159 147]
[132 159 147]
[131 159 147]
[131 159 147]
[130 159 147]
[130 159 147]
[130 159 147]
[129 159 147]
[129 158 147]
[128 158 147]
[128 159 147]
[127 158 147]
[127 158 147]
[127 158 148]
[126 157 147]
[126 157 147]
[126 158 147]
[125 157 147]
[124 157 146]
[124 157 147]
[123 157 146]
[123 157 146]
[123 156 146]
[122 156 145]
[122 156 146]
[122 156 146]
[121 155 145]
[120 155 145]
[120 155 146]
[120 155 145]
[119 154 145]
[120 155 146]
[119 154 145]
[119 154 145]
[118 154 144]
[118 153 144]
[117 153 144]
[117 153 143]
[116 152 143]
[115 151 143]
[115 151 143]
[115 151 143]
[114 150 142]
[113 150 141]
[113 149 141]
[113 149 141]
[112 148 140]
[111 147 140]
[111 146 140]
[110 145 139]
[109 143 138]
[108 140 135]
[34 31 29]
[156 148 136]
[155 150 138]
[155 151 139]
[154 152 139]
[153 152 140]
[153 153 140]
[153 154 141]
[152 154 141]
[151 154 141]
[151 155 142]
[150 155 143]
[150 156 143]
[150 156 143]
[149 156 144]
[148 156 143]
[148 156 144]
[147 156 144]
[147 157 144]
[146 157 144]
[146 157 144]
[145 157 144]
[145 158 145]
[145 158 145]
[144 158 145]
[144 158 145]
[143 158 145]
[143 158 145]
[142 158 146]
[142 158 145]
[142 159 146]
[142 159 146]
[142 160 147]
[141 159 146]
[141 159 146]
[140 159 146]
[140 160 147]
[139 159 146]
[139 159 147]
[139 160 147]
[138 159 147]
[138 160 147]
[137 160 147]
[137 160 147]
[137 160 147]
[136 159 147]
[136 159 147]
[136 160 147]
[135 160 147]
[135 159 146]
[135 160 147]
[134 159 146]
[133 159 146]
[133 159 146]
[132 159 146]
[132 158 146]
[132 159 147]
[132 159 147]
[131 159 146]
[131 159 147]
[130 159 147]
[130 159 147]
[130 159 147]
[129 159 147]
[129 158 146]
[128 158 146]
[128 158 147]
[127 158 147]
[127 158 147]
[126 157 146]
[127 158 147]
[126 158 146]
[126 157 146]
[125 157 146]
[125 157 146]
[124 157 146]
[124 157 146]
[124 157 146]
[123 156 146]
[123 156 145]
[122 156 145]
[122 156 145]
[121 156 145]
[121 156 145]
[121 155 145]
[120 155 145]
[119 154 144]
[119 155 144]
[119 154 144]
[118 154 144]
[118 154 144]
[117 153 143]
[117 153 143]
[117 152 143]
[116 152 143]
[115 152 143]
[115 151 142]
[114 150 142]
[114 150 142]
[114 150 142]
[113 149 141]
[112 148 141]
[112 148 140]
[111 147 139]
[111 146 139]
[110 145 138]
[109 143 137]
[108 139 135]
[34 31 28]
[156 148 135]
[155 149 136]
[155 151 139]
[155 152 139]
[153 152 139]
[153 153 139]
[152 153 140]
[151 153 140]
[151 154 141]
[150 154 141]
[151 155 142]
[150 156 142]
[149 156 142]
[149 156 143]
[148 156 143]
[148 156 143]
[148 157 144]
[147 157 144]
[147 157 144]
[146 158 144]
[146 158 144]
[145 157 144]
[145 159 145]
[144 158 144]
[144 158 144]
[144 158 145]
[143 158 145]
[143 158 145]
[143 159 146]
[142 158 145]
[142 159 145]
[141 159 145]
[141 159 146]
[141 159 146]
[140 159 146]
[140 159 146]
[140 160 147]
[138 159 146]
[138 159 146]
[138 159 146]
[138 160 146]
[137 160 147]
[137 159 146]
[136 160 146]
[136 159 146]
[136 160 147]
[135 159 146]
[135 159 146]
[134 159 146]
[134 159 147]
[134 159 146]
[134 159 147]
[133 159 146]
[133 159 146]
[132 159 146]
[132 159 146]
[131 159 146]
[131 159 146]
[131 159 147]
[130 159 146]
[130 159 146]
[130 159 146]
[130 159 147]
[129 159 146]
[128 158 146]
[128 158 146]
[127 157 146]
[127 158 146]
[127 158 146]
[126 157 146]
[126 157 146]
[125 157 145]
[125 157 145]
[124 157 145]
[124 157 145]
[124 157 145]
[124 157 146]
[123 156 145]
[123 157 145]
[122 156 144]
[122 157 145]
[121 156 145]
[121 155 144]
[120 155 144]
[120 155 145]
[120 155 144]
[119 155 144]
[118 154 143]
[118 154 144]
[118 153 143]
[117 153 143]
[117 153 143]
[117 153 143]
[116 152 142]
[115 151 142]
[115 151 142]
[115 151 142]
[114 150 141]
[113 150 141]
[112 149 140]
[111 148 139]
[112 148 139]
[111 147 139]
[110 146 138]
[110 145 137]
[108 142 136]
[42 54 52]
[156 147 135]
[155 150 136]
[154 150 137]
[154 151 138]
[153 153 139]
[153 153 139]
[152 153 139]
[151 153 139]
[151 154 140]
[151 155 141]
[150 156 142]
[150 155 141]
[150 156 142]
[149 156 143]
[148 156 142]
[148 156 143]
[148 157 144]
[147 156 143]
[147 157 143]
[147 158 144]
[146 157 144]
[145 158 144]
[145 158 144]
[145 158 144]
[144 159 145]
[143 158 144]
[143 158 145]
[143 159 145]
[143 159 146]
[142 159 145]
[142 159 145]
[142 159 146]
[141 159 146]
[140 159 145]
[140 159 145]
[139 159 146]
[139 158 145]
[139 159 146]
[139 159 146]
[138 159 146]
[137 158 145]
[138 160 146]
[137 160 146]
[137 160 146]
[136 159 145]
[136 159 146]
[136 160 146]
[135 159 145]
[135 160 146]
[134 159 146]
[134 159 146]
[133 159 146]
[133 159 146]
[132 159 146]
[132 159 146]
[132 159 146]
[131 159 145]
[131 159 146]
[131 159 146]
[130 158 145]
[130 159 145]
[130 159 146]
[129 158 145]
[129 159 146]
[128 158 146]
[128 158 145]
[128 158 146]
[128 158 146]
[127 158 146]
[127 158 146]
[126 158 146]
[126 158 146]
[125 157 145]
[124 157 145]
[125 157 146]
[124 157 145]
[123 156 144]
[123 156 144]
[123 157 145]
[122 156 144]
[122 156 144]
[121 156 145]
[121 156 144]
[121 155 144]
[119 154 143]
[120 155 144]
[118 154 143]
[118 154 143]
[118 154 143]
[118 154 143]
[118 154 143]
[117 152 142]
[116 152 142]
[116 152 142]
[115 151 141]
[115 151 142]
[114 150 141]
[114 150 140]
[113 150 140]
[113 149 140]
[112 149 140]
[112 148 139]
[111 147 139]
[111 146 138]
[110 145 137]
[109 142 136]
[24 31 29]
[157 147 134]
[156 149 135]
[155 150 136]
[154 151 138]
[153 152 138]
[153 153 139]
[153 154 140]
[152 154 140]
[150 154 139]
[150 154 140]
[150 155 140]
[150 156 141]
[150 156 142]
[149 156 141]
[148 156 142]
[147 156 142]
[147 156 143]
[147 156 143]
[146 156 142]
[147 157 143]
[146 157 143]
[145 158 143]
[145 158 144]
[144 158 143]
[145 158 144]
[143 158 144]
[143 158 144]
[143 158 144]
[142 158 144]
[142 159 145]
[142 160 145]
[141 159 145]
[140 159 145]
[140 159 145]
[140 159 145]
[139 159 145]
[139 159 145]
[139 159 145]
[139 159 145]
[138 159 146]
[138 159 145]
[137 159 145]
[137 159 145]
[136 159 145]
[136 159 145]
[135 159 145]
[135 159 145]
[135 159 145]
[134 159 145]
[134 159 146]
[134 159 145]
[133 159 145]
[133 159 146]
[132 159 145]
[132 159 145]
[132 159 146]
[131 159 146]
[131 159 145]
[130 159 146]
[130 159 146]
[130 158 145]
[129 158 145]
[129 158 145]
[129 158 145]
[128 158 145]
[128 158 146]
[127 158 145]
[127 158 146]
[127 158 145]
[126 158 145]
[126 157 145]
[125 157 145]
[125 157 144]
[125 157 145]
[124 157 144]
[124 157 145]
[123 157 144]
[123 156 144]
[122 156 144]
[123 156 144]
[121 156 144]
[121 156 144]
[121 156 144]
[120 155 143]
[120 155 143]
[119 155 143]
[119 154 142]
[118 155 143]
[117 154 143]
[118 154 142]
[117 153 142]
[117 153 141]
[116 152 142]
[116 152 142]
[116 152 141]
[114 151 141]
[114 151 140]
[114 150 140]
[113 149 139]
[113 149 139]
[112 148 138]
[112 147 138]
[111 146 137]
[110 145 137]
[109 144 136]
[109 142 135]
[24 31 29]
[157 146 133]
[156 149 136]
[155 150 136]
[154 152 137]
[154 152 138]
[153 153 139]
[152 153 139]
[152 154 139]
[151 154 140]
[151 155 140]
[150 155 141]
[150 155 140]
[149 155 140]
[149 156 141]
[149 156 142]
[147 156 141]
[147 156 142]
[147 157 142]
[146 157 143]
[146 156 142]
[146 157 143]
[146 157 142]
[145 158 143]
[145 158 143]
[144 158 143]
[143 158 143]
[143 158 143]
[143 158 144]
[142 158 144]
[142 159 144]
[142 159 144]
[141 159 144]
[141 159 144]
[140 159 144]
[141 159 145]
[140 159 145]
[139 159 145]
[138 159 144]
[139 160 145]
[139 160 145]
[138 160 145]
[138 160 145]
[137 159 145]
[136 159 145]
[135 159 144]
[136 160 145]
[135 160 145]
[135 159 145]
[135 159 145]
[134 159 145]
[134 159 145]
[133 159 145]
[133 159 145]
[133 159 145]
[132 159 145]
[132 159 145]
[132 160 146]
[130 159 145]
[130 159 145]
[130 158 145]
[130 159 145]
[130 158 146]
[129 158 145]
[128 158 145]
[128 158 145]
[128 158 145]
[128 158 145]
[127 158 145]
[127 158 145]
[126 157 145]
[125 157 144]
[125 157 144]
[126 158 145]
[124 157 144]
[124 157 144]
[123 156 144]
[123 156 144]
[122 156 143]
[122 156 144]
[122 156 144]
[122 156 143]
[122 155 143]
[120 155 143]
[120 155 143]
[120 155 143]
[119 155 142]
[119 154 142]
[118 154 142]
[118 154 142]
[118 154 142]
[117 153 142]
[117 153 141]
[116 152 141]
[116 152 141]
[115 152 141]
[115 151 140]
[114 151 140]
[114 150 139]
[113 149 139]
[113 149 139]
[112 149 139]
[112 147 138]
[110 146 136]
[110 145 136]
[109 144 135]
[109 142 134]
[23 30 28]
[157 145 131]
[156 149 134]
[155 150 136]
[154 151 136]
[153 152 137]
[154 153 139]
[152 152 138]
[152 153 138]
[151 154 139]
[151 155 140]
[150 154 140]
[150 156 140]
[149 155 140]
[149 156 141]
[148 156 141]
[148 156 141]
[147 157 142]
[147 157 142]
[146 156 142]
[146 157 142]
[146 158 142]
[145 157 142]
[146 158 143]
[145 158 143]
[144 158 143]
[144 158 143]
[143 158 143]
[143 158 143]
[142 159 144]
[142 159 144]
[142 159 144]
[142 159 144]
[141 159 144]
[141 159 144]
[141 159 144]
[140 159 144]
[140 160 145]
[140 160 145]
[138 159 144]
[138 160 144]
[138 160 145]
[137 159 144]
[137 159 144]
[136 160 144]
[136 159 144]
[135 160 145]
[135 160 145]
[135 160 145]
[134 159 144]
[134 159 144]
[135 160 145]
[134 159 145]
[134 159 145]
[133 159 145]
[132 159 144]
[132 159 145]
[131 159 145]
[130 159 144]
[131 159 145]
[130 159 145]
[130 159 145]
[129 158 144]
[129 158 145]
[128 158 144]
[128 158 144]
[128 158 144]
[128 158 145]
[127 158 144]
[127 158 144]
[127 158 144]
[126 158 144]
[125 157 144]
[124 157 144]
[125 157 143]
[124 157 143]
[124 157 144]
[123 156 144]
[123 156 143]
[123 156 144]
[122 155 143]
[122 156 143]
[121 155 143]
[121 155 142]
[120 155 142]
[119 155 142]
[119 155 142]
[118 154 142]
[118 154 142]
[118 154 142]
[118 154 142]
[118 154 142]
[117 152 141]
[117 153 141]
[117 153 141]
[115 152 140]
[114 151 140]
[114 150 139]
[113 150 139]
[113 150 139]
[113 149 138]
[112 148 138]
[111 148 137]
[110 146 136]
[110 145 136]
[109 144 135]
[109 141 133]
[24 30 29]
[79 73 66]
[155 148 133]
[155 150 135]
[155 151 136]
[154 152 137]
[153 152 137]
[152 153 138]
[152 153 138]
[152 154 139]
[151 154 139]
[150 154 139]
[150 155 140]
[150 155 140]
[149 155 140]
[149 156 141]
[148 157 141]
[148 157 142]
[147 156 141]
[146 157 141]
[146 157 142]
[146 157 141]
[145 157 141]
[145 157 141]
[145 158 143]
[144 158 142]
[144 158 143]
[144 159 144]
[143 158 143]
[142 159 143]
[142 159 143]
[142 159 143]
[141 159 143]
[141 159 144]
[141 160 144]
[141 160 144]
[140 159 144]
[140 159 144]
[139 159 144]
[139 159 144]
[138 159 143]
[138 160 144]
[137 159 144]
[137 160 144]
[137 160 144]
[136 160 144]
[136 160 144]
[135 159 144]
[135 160 144]
[134 159 144]
[135 160 144]
[134 160 144]
[133 159 144]
[133 159 145]
[133 159 144]
[132 159 144]
[131 159 144]
[132 159 144]
[131 159 144]
[130 158 144]
[130 159 144]
[130 159 144]
[130 159 145]
[130 159 145]
[129 159 144]
[129 159 144]
[128 158 144]
[128 158 144]
[127 158 144]
[126 157 143]
[127 158 143]
[126 158 144]
[126 158 144]
[125 158 144]
[125 158 144]
[124 157 143]
[124 157 143]
[123 157 143]
[122 156 143]
[123 156 143]
[122 156 143]
[121 155 142]
[121 155 142]
[121 155 142]
[121 155 142]
[120 155 142]
[120 155 142]
[119 155 142]
[118 154 141]
[118 154 141]
[117 153 141]
[117 153 141]
[117 152 140]
[116 152 140]
[115 152 140]
[115 152 140]
[115 151 139]
[114 150 139]
[114 150 139]
[113 149 138]
[113 149 138]
[112 148 137]
[111 147 136]
[110 146 136]
[110 145 135]
[109 143 134]
[109 141 132]
[79 74 66]
[156 149 133]
[155 150 135]
[155 151 135]
[154 152 136]
[153 152 136]
[152 153 137]
[152 153 137]
[152 154 138]
[151 154 138]
[151 155 139]
[150 155 139]
[150 155 139]
[149 156 140]
[148 156 140]
[148 156 140]
[148 157 141]
[147 157 141]
[147 157 141]
[146 158 141]
[146 158 141]
[146 158 141]
[146 159 142]
[145 159 142]
[145 158 142]
[144 158 143]
[144 158 143]
[143 159 143]
[143 159 143]
[142 159 143]
[142 159 143]
[142 159 143]
[141 159 143]
[140 159 142]
[140 159 143]
[140 159 144]
[140 159 143]
[139 159 144]
[139 160 144]
[138 159 143]
[138 160 144]
[138 160 144]
[137 160 144]
[136 160 143]
[136 160 143]
[136 160 143]
[135 159 143]
[135 160 144]
[135 160 144]
[135 160 144]
[134 160 144]
[134 160 144]
[133 159 144]
[133 159 144]
[132 159 144]
[132 159 144]
[131 159 144]
[131 159 144]
[130 158 143]
[130 159 144]
[130 159 144]
[130 159 144]
[129 159 144]
[129 159 144]
[128 159 144]
[128 158 144]
[127 158 144]
[127 158 143]
[127 158 143]
[127 158 143]
[126 157 142]
[126 158 143]
[125 158 143]
[124 158 143]
[124 157 143]
[123 157 142]
[123 157 143]
[123 156 143]
[123 157 143]
[122 156 142]
[121 156 142]
[121 155 141]
[121 156 142]
[120 155 141]
[120 155 142]
[119 155 141]
[119 155 141]
[118 154 140]
[118 154 141]
[118 154 141]
[117 153 141]
[117 152 140]
[116 152 140]
[116 152 140]
[115 152 140]
[114 151 139]
[115 151 139]
[114 150 138]
[114 150 138]
[112 149 137]
[112 148 136]
[112 147 136]
[111 146 136]
[110 145 135]
[109 143 133]
[109 141 132]
[79 73 65]
[156 148 132]
[155 150 134]
[154 151 135]
[153 151 135]
[153 152 135]
[153 153 136]
[152 153 136]
[151 154 137]
[151 154 137]
[151 155 138]
[151 155 138]
[150 156 139]
[149 155 139]
[148 156 140]
[148 156 139]
[148 157 140]
[147 157 140]
[147 157 141]
[146 157 140]
[146 157 140]
[145 157 140]
[146 158 142]
[145 159 142]
[144 158 142]
[144 158 143]
[143 158 142]
[143 158 142]
[143 158 142]
[143 159 143]
[143 160 143]
[142 159 143]
[141 159 143]
[140 159 142]
[140 159 142]
[140 159 143]
[140 159 143]
[139 159 143]
[139 159 143]
[138 160 143]
[138 160 143]
[138 160 143]
[137 159 143]
[136 160 143]
[136 160 143]
[136 160 143]
[135 159 143]
[135 159 143]
[135 159 143]
[135 160 143]
[134 160 144]
[134 160 144]
[133 159 143]
[133 159 143]
[132 159 143]
[132 159 143]
[131 159 143]
[131 159 143]
[131 159 144]
[130 159 143]
[130 159 143]
[130 159 144]
[129 159 143]
[129 159 143]
[129 159 144]
[127 158 143]
[127 158 143]
[127 158 143]
[127 158 143]
[127 158 143]
[125 157 142]
[126 158 143]
[125 158 143]
[124 157 143]
[124 157 143]
[123 157 142]
[123 156 142]
[122 156 142]
[123 156 142]
[123 156 142]
[122 157 142]
[121 156 142]
[121 156 141]
[121 155 141]
[120 155 141]
[119 155 141]
[119 155 141]
[119 155 141]
[117 153 140]
[117 153 139]
[117 153 140]
[116 152 139]
[116 153 140]
[115 152 139]
[114 151 138]
[114 151 138]
[114 151 138]
[114 151 138]
[113 150 137]
[113 149 137]
[112 148 136]
[111 147 135]
[111 147 136]
[110 145 134]
[109 143 132]
[109 141 131]
[156 148 132]
[155 149 132]
[155 151 134]
[154 152 135]
[153 152 135]
[153 152 135]
[152 153 136]
[152 154 137]
[151 154 137]
[150 154 137]
[150 155 138]
[151 156 138]
[149 156 138]
[148 156 138]
[149 157 139]
[148 157 140]
[148 157 140]
[147 157 141]
[147 158 141]
[146 158 141]
[145 158 140]
[145 158 140]
[145 158 141]
[144 158 141]
[144 159 142]
[143 158 141]
[143 158 142]
[143 159 142]
[143 159 143]
[141 159 142]
[142 159 142]
[142 160 143]
[140 159 142]
[140 159 142]
[140 159 142]
[139 159 142]
[139 159 143]
[139 159 143]
[138 159 142]
[138 160 143]
[138 160 143]
[137 160 143]
[136 160 143]
[136 160 143]
[135 159 142]
[135 159 142]
[135 159 142]
[134 159 142]
[134 159 143]
[134 159 143]
[133 159 143]
[134 160 143]
[133 159 143]
[132 159 143]
[132 159 143]
[131 158 142]
[131 159 143]
[131 159 143]
[131 159 143]
[130 159 143]
[130 159 143]
[130 159 143]
[128 158 142]
[128 158 143]
[128 159 143]
[128 158 143]
[127 158 143]
[127 158 142]
[126 158 142]
[126 158 142]
[125 158 142]
[124 157 142]
[124 157 142]
[124 157 142]
[123 156 142]
[123 157 142]
[123 157 142]
[122 156 142]
[122 156 142]
[121 156 141]
[121 156 141]
[121 156 141]
[120 155 140]
[120 155 140]
[119 154 140]
[119 155 140]
[118 154 140]
[117 153 139]
[117 153 139]
[117 153 139]
[117 153 140]
[117 153 140]
[115 152 139]
[114 151 138]
[114 151 138]
[113 150 137]
[114 150 137]
[112 149 136]
[112 149 136]
[112 147 135]
[111 146 135]
[111 146 135]
[110 145 133]
[109 143 132]
[108 140 129]
[157 148 131]
[156 149 133]
[154 150 133]
[154 152 135]
[152 152 134]
[153 153 135]
[152 153 136]
[152 153 136]
[151 154 137]
[151 155 137]
[150 155 137]
[150 156 138]
[149 155 137]
[148 156 138]
[148 156 138]
[147 156 139]
[147 157 140]
[147 157 140]
[146 158 140]
[146 157 140]
[145 157 140]
[145 158 140]
[144 158 140]
[144 158 141]
[144 158 141]
[144 159 142]
[142 158 141]
[142 158 141]
[142 158 141]
[142 160 142]
[141 159 141]
[141 159 142]
[140 160 142]
[140 159 142]
[140 159 142]
[140 160 142]
[139 159 142]
[139 159 142]
[138 159 143]
[138 159 142]
[137 159 142]
[137 160 142]
[137 160 142]
[136 160 142]
[136 159 142]
[135 159 142]
[135 158 142]
[135 159 142]
[134 159 142]
[134 159 142]
[133 159 142]
[133 159 142]
[132 159 142]
[132 159 142]
[132 159 142]
[131 159 142]
[131 159 142]
[131 159 142]
[131 159 142]
[130 159 142]
[129 159 142]
[129 158 142]
[129 159 142]
[129 158 142]
[128 158 142]
[128 159 142]
[128 159 142]
[126 158 142]
[126 158 142]
[125 157 142]
[125 157 141]
[125 157 142]
[125 158 142]
[124 157 142]
[124 157 142]
[123 157 141]
[122 156 141]
[122 156 141]
[122 156 141]
[122 156 141]
[121 155 140]
[121 156 141]
[120 155 140]
[120 155 140]
[119 155 140]
[119 154 139]
[118 154 140]
[118 154 139]
[118 154 139]
[117 153 139]
[117 152 139]
[116 152 138]
[115 151 137]
[114 151 137]
[114 151 137]
[114 151 137]
[113 150 137]
[112 149 136]
[112 149 135]
[112 148 135]
[112 147 135]
[110 145 134]
[110 145 133]
[109 142 131]
[ 89 115 106]
[156 147 130]
[156 149 132]
[154 150 133]
[154 152 134]
[153 153 134]
[152 152 134]
[152 153 134]
[151 153 135]
[151 154 136]
[151 154 137]
[150 154 136]
[150 156 137]
[149 156 137]
[149 156 137]
[148 156 138]
[147 156 138]
[147 157 138]
[147 157 140]
[146 157 139]
[146 158 140]
[146 158 139]
[145 158 140]
[144 158 140]
[144 158 140]
[144 158 140]
[144 158 140]
[143 158 140]
[143 159 141]
[142 159 141]
[142 159 142]
[141 159 141]
[141 159 141]
[140 159 142]
[140 159 142]
[139 159 141]
[139 159 141]
[139 159 142]
[139 159 141]
[139 160 142]
[138 159 142]
[137 159 142]
[137 160 142]
[136 160 142]
[136 160 142]
[136 160 142]
[136 160 142]
[135 160 142]
[135 159 142]
[134 159 142]
[134 159 142]
[133 158 142]
[133 159 142]
[133 159 142]
[133 158 142]
[132 159 142]
[131 159 142]
[131 159 142]
[131 159 141]
[131 159 141]
[130 159 141]
[130 159 142]
[129 158 142]
[129 159 142]
[128 158 141]
[128 158 141]
[128 159 142]
[127 158 141]
[126 158 141]
[126 158 141]
[125 158 141]
[125 157 141]
[125 158 141]
[124 157 141]
[124 157 141]
[123 157 141]
[123 157 141]
[123 157 140]
[122 156 140]
[122 156 140]
[121 156 140]
[121 156 140]
[121 155 140]
[121 155 140]
[119 154 139]
[119 154 140]
[119 154 139]
[118 154 138]
[118 153 138]
[118 154 139]
[117 153 138]
[116 152 138]
[116 152 138]
[116 151 137]
[115 151 137]
[114 151 137]
[114 151 137]
[113 150 136]
[112 149 136]
[112 148 134]
[111 147 134]
[111 147 134]
[110 145 133]
[109 144 132]
[109 143 130]
[54 70 64]
[157 147 129]
[156 149 131]
[154 150 132]
[154 152 134]
[153 152 133]
[152 152 133]
[152 153 134]
[152 154 135]
[152 154 136]
[151 154 136]
[150 155 137]
[149 155 136]
[149 155 137]
[149 156 137]
[149 157 138]
[148 156 138]
[148 157 138]
[147 157 139]
[147 157 139]
[146 158 139]
[145 158 139]
[145 158 140]
[145 158 140]
[144 158 139]
[144 158 139]
[144 158 140]
[143 158 140]
[143 159 140]
[142 159 141]
[141 158 140]
[142 159 141]
[141 159 141]
[141 159 141]
[140 160 142]
[140 159 141]
[140 159 142]
[140 160 142]
[139 159 141]
[139 160 142]
[137 159 141]
[138 160 142]
[137 160 142]
[136 159 141]
[136 160 142]
[135 159 141]
[135 159 141]
[134 159 141]
[135 160 142]
[134 159 141]
[133 158 141]
[134 159 141]
[133 159 141]
[133 159 141]
[133 159 142]
[133 160 142]
[132 159 142]
[131 159 141]
[131 159 141]
[130 158 140]
[130 159 141]
[130 159 141]
[129 159 141]
[129 158 141]
[129 159 141]
[128 158 141]
[127 158 140]
[127 158 141]
[127 158 141]
[126 158 141]
[125 157 140]
[125 157 140]
[125 158 141]
[124 157 140]
[124 157 141]
[123 157 140]
[123 157 140]
[123 157 140]
[122 156 140]
[122 156 140]
[121 156 139]
[120 155 139]
[121 156 140]
[121 156 140]
[119 154 138]
[119 154 139]
[120 155 139]
[118 154 138]
[118 153 138]
[117 153 137]
[117 153 138]
[116 152 137]
[116 152 137]
[115 152 137]
[114 151 136]
[114 151 136]
[113 150 136]
[112 149 135]
[112 149 134]
[112 149 134]
[111 147 133]
[111 146 134]
[110 145 132]
[109 144 131]
[108 142 129]
[54 70 64]
[150 140 123]
[156 149 130]
[154 149 131]
[154 151 132]
[154 152 133]
[153 153 133]
[152 153 133]
[152 154 135]
[151 154 135]
[151 154 135]
[150 154 135]
[149 155 136]
[149 155 136]
[149 156 137]
[149 156 137]
[148 157 138]
[147 157 138]
[147 157 137]
[147 158 138]
[146 157 138]
[146 158 139]
[146 158 139]
[145 159 139]
[144 158 139]
[144 159 140]
[143 158 139]
[143 158 139]
[143 158 139]
[143 159 140]
[141 158 140]
[141 159 140]
[141 159 140]
[141 159 141]
[140 158 140]
[140 159 141]
[139 159 141]
[139 158 140]
[139 159 141]
[138 159 141]
[138 159 141]
[137 159 141]
[137 160 141]
[136 159 141]
[136 159 141]
[136 159 141]
[135 159 141]
[135 159 141]
[135 159 141]
[134 159 141]
[134 159 141]
[133 159 141]
[133 159 141]
[133 159 141]
[132 159 141]
[133 159 142]
[132 159 141]
[132 160 141]
[131 159 141]
[131 159 140]
[130 159 141]
[130 159 141]
[129 159 141]
[129 159 141]
[128 158 140]
[128 158 140]
[127 158 140]
[127 158 140]
[126 157 140]
[126 158 140]
[126 157 140]
[125 158 141]
[124 157 140]
[125 158 140]
[124 157 140]
[124 157 140]
[123 157 140]
[123 157 140]
[123 156 140]
[122 156 139]
[121 156 139]
[121 155 139]
[121 155 139]
[120 155 139]
[120 155 139]
[119 155 139]
[119 154 138]
[118 154 138]
[117 153 137]
[118 154 138]
[117 153 137]
[116 152 136]
[116 152 136]
[115 151 135]
[114 151 135]
[114 151 136]
[113 150 135]
[113 149 135]
[112 149 134]
[112 148 134]
[111 147 133]
[111 147 132]
[111 146 132]
[110 145 130]
[109 142 129]
[54 70 64]
[123 115 100]
[155 148 129]
[155 150 131]
[155 151 132]
[153 151 132]
[153 153 133]
[152 153 133]
[152 154 134]
[151 154 134]
[151 154 135]
[150 155 135]
[150 155 136]
[149 156 136]
[149 156 137]
[149 156 137]
[148 157 137]
[147 157 137]
[147 157 138]
[147 158 138]
[146 158 138]
[146 158 138]
[145 158 138]
[145 158 139]
[144 158 139]
[144 158 139]
[144 158 139]
[143 158 139]
[143 159 139]
[143 159 140]
[141 158 139]
[141 159 140]
[141 159 140]
[141 159 140]
[140 159 140]
[140 159 140]
[140 159 141]
[139 159 140]
[139 159 141]
[139 160 141]
[138 159 140]
[138 160 141]
[137 160 141]
[136 159 140]
[136 160 141]
[136 160 141]
[135 159 140]
[135 159 141]
[135 159 141]
[135 160 141]
[134 159 141]
[134 159 141]
[133 159 141]
[255   0   0]
[133 159 141]
[132 159 141]
[132 159 141]
[131 159 140]
[131 159 141]
[131 159 140]
[131 159 141]
[130 159 140]
[129 159 141]
[129 159 140]
[128 158 140]
[128 158 140]
[128 158 140]
[127 158 140]
[126 158 140]
[126 158 140]
[126 158 140]
[126 158 140]
[125 157 140]
[124 157 140]
[124 157 140]
[123 157 139]
[123 156 139]
[123 156 139]
[122 156 139]
[122 156 139]
[121 156 139]
[121 155 139]
[121 156 139]
[120 155 139]
[120 155 138]
[120 155 138]
[119 154 138]
[118 154 137]
[118 154 137]
[117 153 137]
[117 153 136]
[116 152 136]
[116 152 136]
[116 152 135]
[115 151 135]
[114 151 135]
[114 150 135]
[112 149 134]
[113 149 134]
[112 148 133]
[111 147 132]
[111 146 132]
[110 145 131]
[110 144 130]
[109 142 128]
[28 35 32]
[123 115  99]
[156 148 129]
[155 150 130]
[154 151 131]
[153 152 132]
[152 152 132]
[152 153 133]
[152 154 133]
[151 154 133]
[151 155 134]
[150 154 135]
[150 155 135]
[150 156 136]
[148 155 135]
[149 157 137]
[148 156 136]
[148 157 137]
[147 157 137]
[147 158 138]
[146 157 137]
[146 158 138]
[145 158 138]
[144 157 137]
[144 158 138]
[144 158 138]
[143 158 138]
[143 158 138]
[143 158 139]
[142 158 139]
[142 159 139]
[141 159 139]
[141 159 139]
[141 159 140]
[141 160 140]
[140 159 139]
[140 159 140]
[139 159 140]
[139 159 140]
[138 159 140]
[138 160 140]
[137 159 140]
[137 159 140]
[136 159 140]
[136 159 140]
[136 159 140]
[136 159 140]
[136 159 140]
[134 159 140]
[134 159 139]
[134 159 140]
[133 159 140]
[133 159 140]
[133 159 140]
[133 159 140]
[132 159 140]
[131 159 139]
[131 159 140]
[131 159 140]
[131 159 140]
[130 159 140]
[130 159 140]
[130 159 140]
[128 158 140]
[128 158 140]
[127 157 139]
[127 158 139]
[127 158 139]
[127 158 139]
[126 158 139]
[126 158 140]
[125 157 139]
[125 157 139]
[124 157 139]
[124 157 139]
[123 156 139]
[123 156 139]
[122 156 138]
[122 156 138]
[121 155 138]
[121 156 138]
[120 155 138]
[121 155 138]
[120 155 138]
[120 155 138]
[119 154 137]
[119 155 138]
[118 154 137]
[117 153 136]
[117 153 135]
[117 153 136]
[117 152 135]
[116 152 135]
[116 152 135]
[114 151 135]
[114 151 135]
[113 150 134]
[113 150 134]
[112 149 133]
[111 148 132]
[112 148 133]
[111 146 131]
[111 146 130]
[110 144 129]
[109 141 127]
[123 114  98]
[156 148 128]
[155 150 129]
[155 151 131]
[154 152 132]
[153 153 132]
[152 153 132]
[152 154 133]
[151 154 133]
[151 154 134]
[150 154 134]
[151 156 135]
[150 155 135]
[149 155 135]
[148 156 135]
[148 156 136]
[147 156 136]
[147 156 136]
[147 158 138]
[146 157 137]
[146 157 137]
[145 158 137]
[145 158 138]
[145 158 138]
[144 159 138]
[144 159 138]
[143 158 138]
[143 159 138]
[142 159 138]
[142 158 138]
[142 159 139]
[141 159 139]
[140 158 138]
[140 159 139]
[140 159 139]
[140 159 139]
[139 158 139]
[138 159 139]
[139 160 140]
[138 160 140]
[138 160 140]
[137 160 140]
[136 159 139]
[136 159 140]
[136 159 140]
[136 160 140]
[135 159 140]
[135 159 140]
[133 159 139]
[133 158 139]
[134 160 140]
[133 159 140]
[132 159 139]
[133 159 140]
[132 159 140]
[132 159 139]
[131 159 139]
[131 159 140]
[131 159 139]
[130 159 139]
[129 159 139]
[129 158 139]
[129 159 139]
[128 158 139]
[128 158 139]
[127 158 139]
[127 159 139]
[127 158 139]
[126 158 139]
[126 158 139]
[125 158 139]
[125 157 139]
[124 157 138]
[123 156 139]
[124 157 139]
[123 156 138]
[123 156 137]
[122 156 138]
[122 156 138]
[121 156 138]
[121 155 138]
[121 155 138]
[120 155 137]
[120 155 137]
[119 154 136]
[119 154 137]
[118 153 135]
[118 153 135]
[118 154 136]
[117 153 136]
[116 152 135]
[116 152 135]
[116 152 135]
[115 152 135]
[114 151 134]
[114 150 133]
[113 150 133]
[112 149 133]
[112 149 132]
[112 148 132]
[111 146 131]
[110 145 129]
[109 143 128]
[109 141 126]
[80 74 63]
[156 148 127]
[155 150 128]
[154 151 130]
[153 152 131]
[153 152 131]
[152 153 132]
[152 154 132]
[151 154 132]
[151 155 133]
[151 155 134]
[150 155 134]
[150 155 134]
[149 156 134]
[149 156 135]
[148 156 135]
[148 156 135]
[147 156 135]
[147 157 136]
[146 157 137]
[146 157 137]
[145 157 137]
[145 158 137]
[144 157 136]
[144 159 137]
[144 158 137]
[143 158 137]
[143 158 138]
[142 158 138]
[142 158 138]
[141 159 138]
[141 159 139]
[141 159 139]
[140 158 138]
[139 159 138]
[140 159 139]
[139 159 139]
[139 159 139]
[139 159 139]
[139 160 140]
[138 160 140]
[137 160 139]
[137 159 139]
[137 160 139]
[136 159 140]
[136 159 139]
[135 159 139]
[134 159 139]
[134 159 139]
[134 159 139]
[133 159 139]
[133 159 139]
[133 159 140]
[132 159 139]
[132 159 139]
[132 159 139]
[131 159 139]
[131 159 139]
[130 159 139]
[130 159 138]
[130 159 139]
[129 159 139]
[128 158 138]
[128 158 138]
[127 158 138]
[128 158 139]
[127 158 138]
[127 158 138]
[126 157 138]
[126 158 139]
[125 158 138]
[124 157 138]
[124 157 138]
[124 157 138]
[123 157 138]
[123 156 137]
[122 156 137]
[122 156 138]
[121 156 137]
[121 156 137]
[121 155 137]
[121 156 137]
[120 155 137]
[119 154 136]
[119 154 136]
[118 154 136]
[117 153 135]
[117 153 135]
[117 153 135]
[117 152 135]
[116 152 134]
[116 152 134]
[115 151 134]
[115 151 134]
[114 151 133]
[113 149 133]
[112 149 133]
[112 149 132]
[111 148 131]
[111 148 130]
[111 147 130]
[110 145 129]
[109 144 128]
[109 142 126]
[156 147 126]
[155 150 127]
[154 151 128]
[154 152 130]
[153 153 130]
[152 153 131]
[152 153 131]
[255   0   0]
[151 154 132]
[150 155 133]
[149 155 133]
[150 155 133]
[149 156 134]
[149 156 134]
[149 157 135]
[147 156 134]
[146 156 134]
[146 157 135]
[146 157 136]
[145 157 136]
[145 158 136]
[145 158 136]
[144 158 136]
[144 158 136]
[144 158 137]
[143 158 137]
[143 159 137]
[143 159 137]
[142 159 137]
[142 159 138]
[142 159 138]
[141 159 138]
[140 159 138]
[140 159 138]
[140 159 138]
[139 159 138]
[138 159 138]
[138 159 138]
[137 159 139]
[137 159 139]
[137 159 139]
[136 159 139]
[136 160 139]
[136 160 139]
[135 159 139]
[135 160 139]
[135 159 139]
[255   0   0]
[133 159 139]
[133 159 139]
[133 159 139]
[133 159 139]
[132 159 138]
[132 159 138]
[132 159 138]
[132 159 139]
[131 159 138]
[130 159 138]
[130 159 138]
[130 158 138]
[129 159 138]
[128 158 138]
[128 158 138]
[128 158 138]
[127 158 138]
[127 158 138]
[127 158 138]
[126 158 138]
[125 158 138]
[125 157 138]
[125 157 138]
[124 157 138]
[123 156 137]
[124 157 137]
[123 156 137]
[122 156 137]
[122 156 137]
[122 156 137]
[121 156 137]
[121 155 136]
[120 155 136]
[120 155 136]
[119 154 136]
[119 154 135]
[119 154 135]
[118 154 135]
[118 153 135]
[117 153 135]
[117 152 134]
[116 152 133]
[116 152 134]
[115 151 134]
[115 151 134]
[114 150 133]
[113 150 133]
[255   0   0]
[112 148 131]
[112 149 131]
[111 147 130]
[111 146 129]
[110 145 129]
[109 143 127]
[108 141 125]
[156 148 125]
[155 149 126]
[155 150 128]
[154 151 129]
[153 152 130]
[152 153 130]
[152 153 130]
[151 154 131]
[151 154 132]
[150 155 132]
[150 155 133]
[149 155 132]
[149 156 133]
[149 156 134]
[148 156 134]
[147 156 134]
[147 156 135]
[147 157 135]
[146 157 135]
[145 157 135]
[145 158 136]
[145 158 136]
[144 158 135]
[144 159 136]
[144 159 137]
[143 158 136]
[143 158 137]
[143 159 137]
[142 159 137]
[142 159 137]
[141 159 137]
[140 158 137]
[140 159 137]
[140 159 137]
[140 160 138]
[139 159 138]
[138 159 138]
[138 159 138]
[138 159 138]
[138 160 138]
[137 159 138]
[136 160 138]
[137 160 139]
[136 159 138]
[136 160 139]
[135 159 138]
[135 159 138]
[134 159 138]
[134 159 138]
[133 159 138]
[133 159 138]
[132 159 138]
[132 159 138]
[132 159 138]
[131 159 137]
[130 158 137]
[131 159 138]
[131 159 138]
[130 159 138]
[130 159 138]
[129 159 138]
[128 158 137]
[129 159 138]
[128 158 137]
[128 159 138]
[128 159 138]
[127 159 138]
[126 158 137]
[125 158 137]
[125 157 137]
[125 157 138]
[124 157 137]
[124 157 137]
[124 157 138]
[123 156 137]
[123 157 137]
[121 155 136]
[122 156 137]
[121 155 135]
[121 155 136]
[121 156 136]
[119 154 135]
[119 154 135]
[118 153 134]
[118 153 134]
[118 153 134]
[118 154 135]
[117 153 135]
[116 152 134]
[116 152 133]
[115 151 133]
[115 151 133]
[114 150 132]
[114 150 132]
[113 150 132]
[112 149 131]
[112 148 131]
[112 148 130]
[112 148 130]
[111 146 128]
[109 144 127]
[109 143 126]
[ 87 113  99]
[156 147 124]
[155 149 126]
[155 150 128]
[154 152 129]
[154 152 129]
[153 153 130]
[152 153 130]
[152 154 131]
[151 154 131]
[150 154 131]
[150 155 132]
[149 155 133]
[149 156 133]
[149 156 134]
[148 156 134]
[147 156 134]
[147 157 134]
[146 157 134]
[146 157 135]
[146 158 136]
[145 158 135]
[144 157 135]
[144 158 135]
[144 158 136]
[144 158 136]
[143 158 135]
[143 158 136]
[142 158 136]
[143 159 137]
[142 159 137]
[141 158 136]
[140 159 137]
[140 159 137]
[140 159 137]
[139 159 137]
[139 159 137]
[139 159 137]
[138 159 137]
[138 160 138]
[137 159 137]
[137 159 138]
[136 159 137]
[136 160 138]
[136 159 138]
[135 159 137]
[135 159 138]
[135 159 138]
[135 159 138]
[133 158 137]
[134 159 138]
[133 159 138]
[133 160 138]
[132 158 137]
[132 159 138]
[131 159 137]
[131 159 137]
[131 159 137]
[130 159 137]
[130 159 137]
[129 159 137]
[129 158 137]
[129 159 137]
[128 158 137]
[128 158 137]
[127 158 137]
[127 158 137]
[127 158 137]
[126 158 137]
[125 157 137]
[126 158 137]
[125 157 137]
[125 157 137]
[124 157 137]
[123 157 137]
[123 157 137]
[122 156 136]
[122 156 136]
[122 156 136]
[121 156 136]
[121 155 135]
[120 155 135]
[119 154 135]
[119 154 134]
[119 154 134]
[120 155 135]
[118 154 134]
[118 154 134]
[117 153 134]
[116 153 133]
[116 152 133]
[116 152 133]
[114 151 132]
[114 151 132]
[113 150 131]
[113 150 131]
[113 149 131]
[112 149 130]
[112 148 129]
[111 146 128]
[110 146 128]
[109 144 127]
[109 143 126]
[ 86 111  97]
[157 147 123]
[156 149 126]
[155 151 127]
[154 151 127]
[153 152 129]
[153 153 129]
[152 154 130]
[152 154 131]
[151 154 131]
[151 155 131]
[150 155 131]
[150 155 132]
[149 156 133]
[149 156 133]
[149 157 134]
[148 157 134]
[147 157 134]
[147 157 134]
[146 157 134]
[146 157 134]
[146 158 135]
[145 158 135]
[145 158 135]
[144 158 135]
[144 158 135]
[143 159 136]
[143 159 136]
[143 159 136]
[142 158 136]
[141 159 136]
[141 159 137]
[140 159 136]
[140 159 137]
[140 159 137]
[140 159 137]
[139 159 137]
[138 159 136]
[138 159 137]
[138 159 137]
[137 159 136]
[137 160 137]
[137 159 137]
[137 160 137]
[136 160 138]
[136 160 138]
[135 159 137]
[135 159 138]
[135 159 137]
[134 159 137]
[134 159 137]
[133 159 137]
[133 159 137]
[132 159 137]
[132 159 136]
[132 159 137]
[131 159 137]
[131 159 137]
[131 159 137]
[130 159 137]
[130 159 137]
[129 159 137]
[129 159 137]
[128 158 137]
[128 158 137]
[127 158 137]
[127 158 137]
[126 157 136]
[126 158 136]
[125 157 136]
[125 157 136]
[125 157 136]
[124 157 136]
[124 156 136]
[124 157 136]
[123 156 136]
[122 156 136]
[122 156 136]
[122 156 135]
[121 155 135]
[121 155 135]
[120 155 134]
[120 155 134]
[120 155 134]
[119 154 134]
[119 154 134]
[118 154 134]
[117 153 133]
[117 153 134]
[116 153 133]
[116 152 132]
[116 152 132]
[115 151 132]
[114 150 131]
[114 151 131]
[113 150 131]
[113 149 131]
[112 148 129]
[112 148 129]
[111 147 128]
[110 146 127]
[109 145 126]
[109 143 124]
[ 85 110  96]
[157 146 122]
[156 149 125]
[155 150 126]
[154 151 127]
[154 152 128]
[153 153 129]
[152 153 129]
[152 154 130]
[151 154 130]
[151 155 131]
[150 155 131]
[150 156 131]
[149 156 132]
[149 156 133]
[149 157 133]
[148 157 133]
[147 157 133]
[147 157 133]
[146 157 134]
[146 157 134]
[145 158 134]
[145 158 134]
[145 158 134]
[144 158 135]
[144 158 135]
[143 158 134]
[143 159 135]
[142 158 135]
[142 159 136]
[142 159 136]
[141 159 136]
[140 159 136]
[140 159 136]
[139 159 135]
[140 159 136]
[140 159 136]
[139 159 136]
[137 158 136]
[138 159 136]
[137 159 136]
[137 159 136]
[136 159 136]
[137 160 137]
[136 159 137]
[135 158 136]
[135 159 137]
[135 159 137]
[135 159 137]
[134 159 137]
[134 159 137]
[134 159 137]
[132 158 136]
[132 159 136]
[132 159 137]
[131 159 136]
[131 159 136]
[131 159 137]
[131 159 137]
[130 159 136]
[130 159 137]
[129 159 137]
[129 159 137]
[128 158 136]
[255   0   0]
[126 158 136]
[126 158 136]
[126 158 136]
[126 158 136]
[125 157 136]
[125 157 135]
[124 157 135]
[124 157 136]
[124 157 136]
[123 157 135]
[123 156 135]
[123 156 135]
[122 156 135]
[122 155 135]
[121 156 135]
[120 155 134]
[120 155 134]
[119 154 133]
[119 155 133]
[119 155 134]
[119 154 133]
[118 154 133]
[117 153 133]
[255   0   0]
[116 153 133]
[116 152 132]
[116 152 132]
[115 152 131]
[115 151 131]
[114 150 130]
[113 150 130]
[113 149 130]
[112 148 129]
[111 147 128]
[111 147 127]
[110 146 126]
[109 144 125]
[108 142 123]
[ 84 109  95]
[157 146 121]
[156 149 124]
[154 150 125]
[155 151 127]
[154 153 128]
[153 152 127]
[153 154 129]
[152 153 129]
[151 154 129]
[151 154 129]
[150 155 130]
[150 156 131]
[148 155 131]
[149 157 132]
[149 157 133]
[147 156 132]
[148 157 133]
[147 158 134]
[147 158 133]
[145 157 133]
[145 158 133]
[146 158 134]
[145 158 134]
[144 158 134]
[144 159 135]
[143 158 134]
[143 159 135]
[142 159 135]
[142 159 135]
[141 158 135]
[141 159 135]
[141 159 136]
[140 158 135]
[140 159 136]
[140 159 135]
[140 159 136]
[139 159 135]
[138 159 136]
[138 160 137]
[137 159 136]
[137 159 136]
[137 160 136]
[137 160 137]
[136 160 137]
[135 159 136]
[136 159 137]
[135 159 137]
[134 159 136]
[135 160 137]
[133 158 135]
[134 159 136]
[133 159 136]
[132 159 136]
[132 159 136]
[131 159 136]
[132 159 137]
[131 159 137]
[130 158 136]
[130 159 136]
[129 158 136]
[129 159 136]
[128 158 136]
[128 158 136]
[128 159 136]
[127 159 136]
[127 158 136]
[126 158 136]
[125 157 135]
[125 157 135]
[125 157 135]
[125 157 135]
[124 156 135]
[124 156 135]
[124 157 135]
[123 157 135]
[123 156 135]
[122 156 135]
[122 156 135]
[121 155 134]
[121 156 134]
[120 155 133]
[120 155 133]
[119 155 133]
[119 155 133]
[119 154 133]
[118 153 132]
[117 153 132]
[117 153 132]
[116 152 131]
[116 151 131]
[115 152 131]
[115 151 131]
[114 151 130]
[113 150 130]
[113 149 129]
[112 149 130]
[112 148 128]
[111 147 127]
[111 147 127]
[111 146 125]
[109 144 124]
[109 142 122]
[ 79 101  88]
[157 145 120]
[156 148 123]
[155 150 125]
[155 151 126]
[153 151 126]
[153 153 127]
[152 153 127]
[152 153 128]
[152 154 129]
[151 154 129]
[151 155 130]
[150 155 130]
[149 156 130]
[148 156 130]
[149 156 132]
[148 156 132]
[147 156 132]
[147 157 133]
[146 157 132]
[146 157 133]
[146 158 133]
[145 158 133]
[144 158 133]
[144 158 134]
[144 159 134]
[143 158 134]
[143 159 134]
[143 159 134]
[142 159 135]
[141 159 134]
[141 159 134]
[141 159 135]
[141 159 136]
[140 159 135]
[140 159 135]
[140 159 135]
[138 159 135]
[138 159 136]
[138 159 136]
[137 159 135]
[137 160 136]
[136 159 135]
[136 159 136]
[136 159 135]
[136 160 136]
[135 158 135]
[134 159 136]
[134 159 136]
[134 159 136]
[133 159 136]
[133 159 136]
[132 159 135]
[132 159 135]
[132 159 135]
[132 159 136]
[131 159 136]
[130 159 135]
[130 159 135]
[130 158 135]
[129 158 135]
[128 158 135]
[128 158 135]
[128 158 135]
[128 158 135]
[127 158 135]
[127 157 135]
[126 158 135]
[126 158 135]
[126 157 135]
[125 157 134]
[125 157 135]
[124 157 135]
[123 156 135]
[123 156 134]
[122 156 134]
[122 156 134]
[122 156 134]
[122 156 134]
[121 155 134]
[121 155 133]
[120 155 133]
[120 155 132]
[119 154 132]
[119 154 132]
[118 154 132]
[118 154 132]
[117 152 131]
[116 153 130]
[116 152 131]
[116 152 131]
[115 151 130]
[114 151 129]
[114 151 130]
[113 150 129]
[113 149 129]
[112 149 128]
[111 148 127]
[111 148 127]
[111 146 126]
[110 145 126]
[109 144 124]
[109 142 121]
[158 145 119]
[156 148 122]
[155 150 124]
[154 151 125]
[153 151 126]
[153 152 127]
[153 153 127]
[152 154 128]
[151 154 128]
[151 155 129]
[150 155 129]
[149 155 129]
[149 156 130]
[149 156 130]
[149 156 130]
[148 156 131]
[148 157 132]
[147 156 132]
[147 157 132]
[146 157 132]
[145 157 132]
[145 158 132]
[145 158 132]
[144 158 133]
[143 158 133]
[143 158 133]
[143 158 133]
[143 159 134]
[142 159 134]
[141 159 134]
[141 159 134]
[140 159 134]
[140 159 134]
[140 159 135]
[140 159 135]
[139 159 135]
[138 159 135]
[139 159 135]
[138 159 135]
[137 159 135]
[137 159 134]
[136 159 135]
[136 160 135]
[136 160 135]
[136 160 135]
[135 159 135]
[134 159 135]
[134 159 136]
[133 159 135]
[133 158 135]
[133 159 135]
[132 159 135]
[132 159 135]
[132 159 135]
[132 159 135]
[131 159 135]
[130 158 135]
[130 158 135]
[129 158 134]
[130 158 135]
[129 158 135]
[128 158 135]
[128 158 135]
[128 159 135]
[127 158 134]
[127 158 135]
[127 158 135]
[127 157 134]
[125 157 134]
[125 157 134]
[125 157 135]
[124 157 134]
[124 157 134]
[123 157 134]
[123 157 134]
[122 156 134]
[122 156 134]
[121 155 133]
[121 155 133]
[121 156 133]
[121 156 132]
[120 155 132]
[119 154 132]
[119 154 132]
[118 154 132]
[118 154 131]
[117 153 131]
[116 153 130]
[116 152 130]
[115 152 130]
[115 152 130]
[114 151 129]
[114 150 129]
[114 150 129]
[113 149 128]
[112 149 127]
[111 148 127]
[111 148 126]
[111 147 126]
[110 145 124]
[109 144 123]
[109 142 121]
[11 10  8]
[156 148 121]
[156 150 124]
[155 151 125]
[154 151 125]
[153 152 126]
[152 153 126]
[152 154 127]
[152 154 127]
[151 154 128]
[150 154 128]
[150 155 129]
[149 155 129]
[148 156 130]
[148 156 130]
[148 156 130]
[148 157 131]
[147 157 131]
[147 157 131]
[146 157 132]
[146 157 132]
[146 158 132]
[145 158 132]
[255   0   0]
[144 159 133]
[143 158 133]
[143 158 133]
[142 158 133]
[142 158 133]
[142 159 133]
[141 159 134]
[140 159 133]
[140 159 134]
[140 159 134]
[139 159 134]
[139 159 134]
[139 159 135]
[138 159 134]
[138 160 135]
[138 160 135]
[137 159 134]
[136 159 134]
[137 160 135]
[135 160 134]
[135 159 134]
[135 159 134]
[135 160 135]
[134 159 135]
[134 159 135]
[133 159 135]
[133 159 135]
[132 159 134]
[132 158 134]
[132 160 135]
[131 159 135]
[131 159 135]
[130 158 134]
[130 159 135]
[129 158 134]
[129 159 135]
[129 158 134]
[128 158 134]
[128 158 134]
[128 159 135]
[128 158 135]
[127 158 134]
[127 158 134]
[126 157 134]
[126 157 134]
[126 158 134]
[125 158 134]
[124 156 134]
[124 157 134]
[124 157 134]
[123 157 133]
[255   0   0]
[122 156 133]
[122 156 133]
[121 156 132]
[120 155 132]
[120 155 132]
[120 155 132]
[119 154 131]
[119 154 131]
[119 154 131]
[118 154 131]
[117 153 130]
[116 152 130]
[116 153 130]
[115 152 129]
[115 152 129]
[115 151 129]
[114 150 128]
[114 150 128]
[112 149 127]
[112 148 126]
[112 149 126]
[111 147 125]
[111 147 125]
[110 145 124]
[109 144 122]
[109 141 120]
[12 11  9]
[156 148 120]
[156 150 122]
[155 151 124]
[154 152 125]
[153 151 125]
[152 153 126]
[152 154 126]
[152 154 127]
[151 154 127]
[150 155 128]
[149 155 128]
[150 156 129]
[149 156 130]
[148 156 129]
[148 156 129]
[148 157 130]
[148 157 131]
[147 157 131]
[146 157 131]
[146 158 131]
[145 157 131]
[145 158 132]
[144 158 131]
[144 158 132]
[144 158 132]
[143 158 132]
[143 158 133]
[142 158 133]
[142 159 133]
[141 159 133]
[141 159 133]
[140 159 133]
[140 159 133]
[139 159 133]
[139 159 134]
[138 159 134]
[138 159 134]
[137 159 134]
[137 159 134]
[137 160 133]
[136 160 134]
[136 160 134]
[136 160 134]
[135 159 134]
[136 159 135]
[134 159 134]
[135 159 135]
[134 160 135]
[134 160 135]
[132 159 134]
[132 159 134]
[133 159 135]
[132 159 134]
[131 159 134]
[131 159 134]
[130 159 134]
[130 158 134]
[130 159 134]
[130 159 134]
[129 158 134]
[128 158 134]
[128 158 134]
[128 159 134]
[127 158 134]
[127 158 134]
[127 158 134]
[126 157 134]
[125 157 133]
[126 158 134]
[125 158 134]
[124 157 133]
[124 157 133]
[123 156 133]
[123 157 133]
[122 156 132]
[121 156 132]
[122 156 132]
[121 156 132]
[120 155 131]
[120 155 131]
[120 155 131]
[119 155 131]
[118 154 130]
[119 155 131]
[118 154 130]
[118 153 130]
[117 153 130]
[116 153 129]
[115 152 129]
[115 152 128]
[114 151 128]
[114 150 128]
[114 150 128]
[113 150 127]
[112 149 126]
[112 148 125]
[111 148 125]
[111 147 124]
[110 145 123]
[109 144 122]
[109 141 119]
[12 11  9]
[156 148 119]
[155 149 121]
[155 150 123]
[154 152 124]
[153 152 125]
[152 152 125]
[152 154 126]
[151 154 127]
[151 155 127]
[151 155 127]
[150 156 128]
[149 155 128]
[149 156 129]
[148 156 129]
[148 156 129]
[147 156 129]
[147 156 129]
[146 156 130]
[147 157 131]
[146 157 130]
[146 158 131]
[145 158 131]
[144 157 131]
[144 158 131]
[143 158 132]
[143 158 132]
[143 158 132]
[142 158 132]
[142 159 133]
[141 159 132]
[141 159 133]
[140 159 133]
[141 160 133]
[139 159 133]
[139 159 133]
[139 159 134]
[138 159 133]
[138 159 134]
[137 159 133]
[137 160 133]
[137 160 134]
[136 159 134]
[136 159 134]
[136 159 134]
[136 159 134]
[135 159 134]
[135 160 135]
[134 159 134]
[133 159 134]
[133 159 134]
[132 159 134]
[132 158 133]
[132 159 134]
[132 159 134]
[131 159 133]
[130 159 134]
[130 159 134]
[130 159 134]
[129 159 134]
[129 159 134]
[128 158 133]
[128 158 133]
[128 159 133]
[127 158 133]
[127 158 133]
[126 157 133]
[126 158 133]
[125 157 133]
[125 157 133]
[124 157 133]
[124 157 133]
[124 157 133]
[123 157 132]
[123 157 132]
[122 156 132]
[122 156 132]
[121 156 131]
[121 156 131]
[120 155 131]
[120 155 131]
[120 155 130]
[119 155 130]
[118 154 130]
[118 154 130]
[118 154 130]
[117 153 130]
[117 153 129]
[116 153 129]
[116 152 129]
[115 151 128]
[115 151 128]
[114 151 127]
[114 150 127]
[113 149 125]
[112 149 125]
[112 149 125]
[111 147 124]
[111 146 123]
[110 145 122]
[109 143 121]
[109 141 119]
[12 11  9]
[157 148 119]
[156 149 121]
[154 150 121]
[153 151 123]
[153 152 124]
[152 152 124]
[152 153 125]
[152 154 126]
[151 155 126]
[150 155 127]
[150 155 127]
[149 156 128]
[149 156 128]
[148 157 129]
[148 157 129]
[148 157 129]
[147 157 129]
[147 157 129]
[146 157 129]
[146 158 130]
[145 157 130]
[144 157 130]
[144 158 130]
[144 158 131]
[144 158 131]
[144 158 131]
[142 158 131]
[143 159 132]
[142 158 132]
[142 159 132]
[141 159 133]
[141 159 132]
[140 159 132]
[140 160 133]
[139 159 132]
[138 159 133]
[138 159 133]
[138 159 133]
[138 160 133]
[137 159 133]
[137 160 133]
[136 159 133]
[137 159 133]
[136 159 133]
[135 159 133]
[135 159 133]
[134 159 133]
[134 159 133]
[134 159 134]
[133 159 133]
[133 159 134]
[132 159 133]
[132 159 133]
[131 159 133]
[131 159 133]
[131 159 133]
[130 159 133]
[130 159 133]
[129 158 133]
[129 159 133]
[129 159 133]
[128 158 132]
[127 158 132]
[127 158 132]
[126 157 132]
[127 158 133]
[126 157 132]
[125 157 132]
[125 157 132]
[124 157 132]
[124 156 132]
[124 157 132]
[123 157 132]
[123 157 132]
[122 156 131]
[122 157 131]
[121 156 130]
[121 156 131]
[120 155 130]
[120 155 130]
[119 155 130]
[119 154 129]
[119 155 130]
[118 154 129]
[117 153 129]
[117 154 129]
[116 153 128]
[116 152 128]
[115 152 128]
[115 151 128]
[114 151 127]
[113 150 126]
[114 151 126]
[113 150 126]
[112 149 125]
[111 148 124]
[111 147 123]
[110 145 122]
[110 145 122]
[109 143 120]
[108 141 117]
[156 147 117]
[156 149 120]
[155 150 121]
[154 151 121]
[153 151 122]
[153 153 124]
[153 154 125]
[152 155 126]
[151 154 126]
[151 156 127]
[150 156 127]
[149 155 126]
[149 156 127]
[149 157 128]
[148 156 128]
[147 156 128]
[148 157 129]
[147 157 129]
[146 157 129]
[146 158 130]
[146 158 130]
[146 158 130]
[144 158 130]
[144 158 130]
[144 158 131]
[144 159 131]
[143 158 131]
[143 159 131]
[142 159 132]
[142 159 132]
[141 159 131]
[140 159 132]
[140 159 132]
[139 158 131]
[140 159 132]
[139 159 132]
[138 159 133]
[137 158 132]
[138 159 133]
[137 159 132]
[137 160 133]
[136 159 132]
[136 159 133]
[136 159 133]
[135 159 132]
[135 159 133]
[255   0   0]
[134 159 133]
[133 159 133]
[133 159 133]
[132 159 132]
[132 159 133]
[132 159 133]
[131 159 132]
[131 159 133]
[130 159 133]
[129 158 132]
[129 158 132]
[129 159 133]
[128 158 132]
[129 159 133]
[128 158 132]
[127 158 132]
[127 158 132]
[127 158 132]
[127 158 132]
[126 158 133]
[125 157 132]
[125 157 132]
[124 157 131]
[124 156 131]
[124 157 132]
[124 157 132]
[123 156 131]
[122 156 130]
[122 157 131]
[121 156 130]
[121 156 130]
[121 156 130]
[120 155 130]
[119 155 129]
[118 154 128]
[119 155 129]
[117 154 128]
[118 154 128]
[117 153 128]
[116 153 128]
[116 153 128]
[115 152 127]
[115 151 126]
[115 151 126]
[113 150 126]
[114 150 125]
[112 149 125]
[112 148 124]
[111 148 124]
[111 147 123]
[111 146 122]
[110 145 121]
[109 143 119]
[108 141 116]
[156 146 116]
[156 149 119]
[155 151 120]
[154 151 122]
[153 152 122]
[152 152 123]
[152 153 123]
[152 154 124]
[152 155 126]
[151 155 126]
[149 155 125]
[149 155 126]
[148 155 126]
[148 156 127]
[148 156 127]
[147 156 127]
[147 157 128]
[147 157 128]
[146 157 128]
[146 157 128]
[145 157 129]
[145 158 129]
[144 158 129]
[144 158 130]
[144 158 130]
[143 158 130]
[143 158 130]
[143 159 130]
[142 159 131]
[141 159 130]
[141 159 131]
[141 159 131]
[140 159 131]
[140 159 131]
[140 159 132]
[139 159 132]
[139 159 132]
[138 159 132]
[137 159 132]
[137 159 132]
[136 159 132]
[136 159 132]
[136 159 132]
[135 158 132]
[135 159 132]
[135 159 132]
[135 159 133]
[134 159 132]
[133 159 132]
[133 159 133]
[132 159 132]
[132 159 132]
[132 159 132]
[131 159 132]
[131 158 132]
[130 159 132]
[130 159 132]
[130 158 132]
[129 158 132]
[128 158 131]
[129 158 132]
[128 158 131]
[128 158 132]
[127 158 131]
[127 158 132]
[126 158 132]
[126 157 131]
[125 157 131]
[125 157 131]
[124 157 130]
[124 157 131]
[124 157 130]
[123 157 131]
[123 157 130]
[122 156 130]
[121 156 129]
[121 156 130]
[121 156 130]
[120 156 129]
[120 156 130]
[119 155 129]
[118 154 128]
[119 154 128]
[118 154 128]
[118 154 128]
[117 153 127]
[116 153 127]
[116 152 126]
[115 152 126]
[115 152 126]
[114 151 126]
[114 151 125]
[113 150 124]
[113 149 124]
[112 149 124]
[111 147 123]
[111 147 122]
[110 145 121]
[110 145 120]
[109 142 118]
[108 139 115]
[157 147 115]
[156 149 118]
[155 150 119]
[154 151 121]
[153 152 121]
[153 153 123]
[152 153 123]
[152 154 124]
[151 154 124]
[150 154 124]
[150 155 125]
[149 155 125]
[148 155 125]
[148 156 126]
[148 156 127]
[147 156 127]
[147 156 127]
[147 157 128]
[146 157 128]
[146 157 128]
[146 157 128]
[145 158 129]
[144 158 129]
[144 158 129]
[144 158 130]
[143 158 130]
[143 158 130]
[142 159 130]
[141 159 129]
[141 159 130]
[141 159 130]
[141 159 131]
[140 159 131]
[140 159 131]
[139 158 130]
[139 159 131]
[139 159 131]
[138 159 131]
[138 159 131]
[137 159 131]
[136 159 131]
[136 158 131]
[136 159 132]
[135 159 132]
[135 159 132]
[135 159 132]
[134 159 132]
[134 159 131]
[133 159 131]
[133 159 131]
[133 159 132]
[132 159 131]
[132 159 132]
[132 159 132]
[131 158 131]
[130 158 131]
[130 158 131]
[130 159 131]
[130 158 132]
[129 158 131]
[128 158 131]
[128 158 130]
[128 158 131]
[127 158 131]
[127 158 131]
[126 158 131]
[125 157 130]
[125 157 130]
[125 157 130]
[125 158 131]
[124 157 130]
[124 157 130]
[123 156 130]
[122 156 129]
[122 156 129]
[122 156 129]
[121 156 129]
[121 156 129]
[120 155 129]
[120 155 128]
[119 155 128]
[119 155 128]
[118 154 127]
[118 154 127]
[118 153 127]
[117 153 127]
[116 153 126]
[116 153 126]
[115 152 125]
[114 151 125]
[114 151 125]
[114 151 124]
[113 150 124]
[113 149 124]
[112 148 123]
[112 148 122]
[111 147 121]
[111 146 120]
[110 145 119]
[108 142 117]
[43 57 46]
[157 146 114]
[155 148 117]
[156 151 119]
[154 150 119]
[153 152 121]
[153 153 122]
[152 153 122]
[151 154 122]
[151 155 124]
[150 155 124]
[150 155 125]
[149 155 124]
[149 155 125]
[148 156 126]
[148 156 126]
[147 156 126]
[147 157 127]
[147 157 127]
[146 157 127]
[146 158 128]
[146 158 128]
[145 158 128]
[145 158 128]
[144 158 129]
[144 158 129]
[144 159 130]
[143 159 129]
[142 159 129]
[142 159 130]
[141 159 129]
[141 159 130]
[141 159 130]
[140 159 130]
[140 160 131]
[140 159 131]
[139 159 130]
[139 159 130]
[139 160 131]
[138 159 130]
[137 159 130]
[137 159 131]
[136 159 130]
[136 159 131]
[136 159 131]
[135 159 131]
[135 159 131]
[134 159 131]
[135 160 132]
[134 159 131]
[133 159 131]
[133 159 131]
[132 159 130]
[132 159 131]
[131 159 131]
[131 158 130]
[131 159 131]
[130 159 131]
[130 159 131]
[129 158 131]
[129 158 131]
[128 158 130]
[128 158 130]
[128 158 130]
[127 158 130]
[127 158 130]
[126 157 130]
[126 158 130]
[125 157 130]
[124 157 129]
[124 157 129]
[124 157 129]
[124 157 129]
[124 157 130]
[123 157 129]
[122 156 128]
[122 157 129]
[121 155 128]
[121 156 128]
[120 155 128]
[120 155 128]
[119 155 128]
[119 154 127]
[119 154 127]
[118 153 127]
[117 153 126]
[117 153 126]
[116 153 126]
[116 153 126]
[115 152 125]
[115 152 125]
[115 152 125]
[114 150 124]
[114 150 123]
[113 149 122]
[112 148 122]
[112 147 121]
[111 146 120]
[110 146 119]
[110 145 118]
[109 142 116]
[ 8 11  8]
[57 53 41]
[156 149 116]
[155 150 118]
[154 151 119]
[153 152 120]
[153 153 121]
[152 153 122]
[151 154 122]
[151 154 123]
[150 155 124]
[150 155 124]
[150 155 124]
[149 156 125]
[149 156 125]
[148 156 125]
[147 156 126]
[147 157 126]
[146 157 126]
[146 157 126]
[145 157 126]
[146 158 127]
[145 158 127]
[145 158 128]
[144 159 129]
[144 158 128]
[143 158 129]
[143 158 129]
[142 159 129]
[142 158 128]
[142 159 129]
[142 160 130]
[141 160 130]
[140 159 129]
[140 159 130]
[139 159 129]
[139 159 130]
[138 159 129]
[138 159 130]
[138 159 130]
[138 159 130]
[137 159 130]
[137 159 131]
[137 159 131]
[136 159 131]
[135 159 131]
[134 159 130]
[135 159 131]
[134 159 131]
[133 159 130]
[133 159 131]
[133 159 130]
[132 159 130]
[131 159 130]
[132 159 130]
[131 159 130]
[130 158 130]
[130 159 130]
[129 158 130]
[130 159 131]
[130 159 131]
[129 158 130]
[128 158 130]
[128 158 130]
[128 158 130]
[127 158 130]
[126 157 129]
[126 158 129]
[125 157 130]
[125 158 130]
[125 157 129]
[124 157 129]
[123 157 129]
[123 157 129]
[123 157 129]
[122 156 128]
[122 156 128]
[121 156 128]
[120 155 127]
[120 155 127]
[120 155 127]
[120 155 127]
[119 154 127]
[119 155 127]
[118 154 126]
[117 153 126]
[117 153 125]
[116 152 125]
[115 152 124]
[115 152 124]
[115 152 124]
[114 151 123]
[114 151 123]
[113 150 122]
[113 149 122]
[113 148 121]
[111 147 120]
[111 147 119]
[111 146 119]
[109 144 117]
[109 142 115]
[ 8 11  9]
[56 52 40]
[156 148 115]
[155 150 116]
[154 151 118]
[154 152 119]
[153 153 120]
[153 153 121]
[152 154 122]
[151 154 122]
[151 155 123]
[150 155 124]
[149 155 123]
[149 155 124]
[149 156 124]
[148 156 125]
[148 157 125]
[147 157 126]
[147 157 126]
[146 157 126]
[147 158 127]
[146 158 127]
[145 158 127]
[145 158 127]
[144 158 127]
[144 158 128]
[143 158 128]
[143 158 128]
[142 158 128]
[142 159 129]
[141 159 129]
[141 158 128]
[141 159 129]
[141 159 129]
[140 159 129]
[139 159 129]
[139 159 129]
[138 159 129]
[138 159 129]
[138 159 130]
[137 159 129]
[137 159 129]
[136 159 129]
[136 159 129]
[135 159 130]
[136 159 130]
[135 159 130]
[134 159 130]
[134 159 130]
[134 159 130]
[133 159 130]
[133 159 130]
[132 159 130]
[132 159 129]
[132 159 130]
[131 159 130]
[130 158 129]
[130 159 130]
[129 158 130]
[129 158 130]
[129 158 130]
[129 159 130]
[128 158 129]
[128 158 129]
[127 158 129]
[126 158 129]
[126 158 129]
[126 158 129]
[125 157 128]
[125 158 129]
[124 157 129]
[124 157 129]
[123 157 128]
[123 157 128]
[122 157 128]
[122 156 128]
[122 156 128]
[121 156 127]
[121 155 127]
[120 155 126]
[120 155 126]
[119 154 126]
[119 155 126]
[118 154 126]
[118 154 126]
[117 153 125]
[117 153 125]
[116 153 125]
[116 153 124]
[115 152 124]
[114 151 123]
[114 151 123]
[114 151 123]
[113 150 122]
[114 150 121]
[112 148 120]
[112 148 120]
[111 146 119]
[110 145 118]
[110 144 117]
[109 142 114]
[ 9 11  9]
[57 52 40]
[156 147 113]
[155 149 116]
[155 151 118]
[153 151 118]
[153 153 119]
[152 153 120]
[152 154 121]
[151 154 122]
[151 155 122]
[150 155 122]
[150 155 123]
[149 155 123]
[149 156 124]
[148 156 124]
[148 157 125]
[147 156 124]
[146 157 125]
[146 157 125]
[147 158 126]
[146 158 126]
[145 158 126]
[144 158 126]
[144 158 127]
[144 158 127]
[143 158 127]
[143 159 128]
[143 159 128]
[142 159 128]
[141 159 128]
[141 159 128]
[141 159 128]
[141 159 128]
[140 159 128]
[139 159 129]
[139 159 129]
[138 159 129]
[138 159 129]
[138 159 129]
[137 159 129]
[137 159 129]
[137 159 129]
[136 159 129]
[136 159 129]
[135 159 129]
[135 159 129]
[134 159 129]
[134 159 130]
[134 159 130]
[133 159 129]
[132 159 129]
[132 159 129]
[132 159 129]
[131 159 129]
[131 159 129]
[131 159 129]
[130 159 129]
[130 159 129]
[130 159 130]
[129 158 129]
[129 158 129]
[129 159 129]
[127 158 128]
[127 158 128]
[127 158 128]
[126 158 128]
[126 158 128]
[125 157 128]
[125 157 128]
[124 157 128]
[123 157 128]
[123 157 128]
[123 157 127]
[122 156 127]
[121 156 127]
[122 156 127]
[121 156 127]
[121 156 127]
[120 155 126]
[120 155 126]
[120 155 126]
[119 154 125]
[118 154 125]
[118 154 125]
[118 154 125]
[116 153 124]
[115 152 123]
[116 152 124]
[115 152 123]
[115 152 123]
[114 151 122]
[113 150 121]
[113 149 120]
[113 149 120]
[112 148 120]
[112 148 119]
[111 147 118]
[110 145 117]
[109 144 116]
[109 142 113]
[ 9 11  9]
[57 52 40]
[156 148 113]
[155 149 115]
[154 150 117]
[153 151 118]
[153 152 119]
[152 153 119]
[152 153 120]
[151 154 121]
[151 155 122]
[150 155 122]
[149 155 122]
[150 156 123]
[149 156 123]
[149 157 124]
[148 157 124]
[148 157 125]
[147 157 125]
[146 157 125]
[146 157 125]
[145 157 125]
[145 157 125]
[145 158 126]
[144 158 126]
[143 158 126]
[143 158 127]
[143 159 128]
[142 158 127]
[142 159 128]
[142 160 128]
[141 159 127]
[141 159 127]
[140 159 128]
[139 159 128]
[139 159 128]
[139 159 128]
[138 159 128]
[139 159 129]
[138 159 129]
[138 159 129]
[137 159 129]
[137 159 129]
[135 158 128]
[135 159 128]
[135 159 128]
[134 159 128]
[134 159 129]
[134 159 129]
[133 159 129]
[134 160 129]
[133 159 129]
[132 159 129]
[132 159 129]
[131 158 128]
[131 159 129]
[131 159 129]
[130 159 129]
[130 159 129]
[129 158 129]
[129 159 129]
[128 158 128]
[128 158 128]
[128 159 128]
[127 158 128]
[127 158 128]
[126 158 128]
[126 158 127]
[125 158 127]
[125 158 128]
[124 157 127]
[123 157 127]
[123 156 127]
[122 156 127]
[123 157 127]
[122 156 127]
[121 156 126]
[121 156 126]
[121 155 126]
[120 155 125]
[120 155 125]
[119 154 125]
[119 154 125]
[119 154 125]
[118 154 124]
[117 153 124]
[116 153 123]
[116 152 123]
[116 153 123]
[115 152 123]
[115 152 123]
[114 151 121]
[113 150 120]
[113 149 120]
[112 148 119]
[112 148 119]
[111 147 118]
[111 146 117]
[110 145 116]
[109 143 114]
[109 142 112]
[36 33 25]
[157 148 112]
[155 149 114]
[155 150 116]
[153 151 117]
[153 152 118]
[153 153 119]
[153 154 120]
[151 154 120]
[151 154 121]
[255   0   0]
[150 155 122]
[149 155 122]
[149 156 122]
[149 156 123]
[148 156 123]
[148 157 123]
[147 157 123]
[146 157 124]
[146 158 125]
[146 158 126]
[145 158 125]
[144 158 125]
[144 159 126]
[143 158 125]
[143 158 126]
[142 158 126]
[142 159 126]
[142 159 126]
[141 159 127]
[142 160 127]
[141 159 127]
[140 159 127]
[140 160 128]
[139 159 128]
[139 159 128]
[138 159 128]
[138 159 128]
[137 159 128]
[137 159 128]
[137 158 128]
[137 159 128]
[136 159 128]
[135 159 128]
[135 158 128]
[135 159 128]
[134 159 128]
[134 159 128]
[133 159 128]
[133 159 128]
[132 159 128]
[132 159 128]
[132 159 128]
[131 159 128]
[130 159 128]
[130 159 128]
[130 159 128]
[130 159 128]
[129 158 128]
[129 158 128]
[129 158 128]
[129 158 127]
[128 158 127]
[127 159 127]
[127 159 128]
[126 158 127]
[125 158 127]
[125 157 127]
[124 157 127]
[124 157 127]
[124 158 127]
[123 157 126]
[123 157 126]
[122 156 126]
[121 156 126]
[121 156 126]
[121 155 125]
[120 155 125]
[120 155 124]
[120 155 125]
[119 154 124]
[118 154 124]
[118 154 124]
[118 154 123]
[118 153 123]
[117 153 123]
[116 153 123]
[116 152 122]
[115 152 122]
[115 151 121]
[114 150 120]
[113 150 120]
[113 149 120]
[112 149 119]
[255   0   0]
[111 147 117]
[111 146 116]
[110 146 116]
[109 144 113]
[108 141 111]
[156 147 111]
[156 150 113]
[155 150 115]
[153 151 116]
[153 152 116]
[152 153 117]
[152 154 119]
[151 153 119]
[151 154 120]
[151 155 121]
[150 155 121]
[149 156 122]
[149 156 122]
[148 156 122]
[148 157 123]
[147 156 123]
[147 157 123]
[146 157 124]
[146 158 125]
[145 157 124]
[145 157 124]
[144 157 124]
[144 158 125]
[143 158 125]
[143 159 126]
[143 158 126]
[142 159 126]
[142 159 126]
[141 159 126]
[141 159 126]
[141 159 126]
[140 159 126]
[139 159 127]
[139 159 127]
[139 159 127]
[139 159 127]
[138 159 127]
[137 158 127]
[137 159 127]
[137 159 128]
[137 159 128]
[136 159 128]
[136 159 128]
[135 159 128]
[135 159 127]
[134 159 127]
[134 159 127]
[133 158 128]
[133 159 128]
[132 159 128]
[132 158 128]
[132 159 128]
[131 159 127]
[131 159 127]
[130 159 127]
[129 159 127]
[129 158 127]
[130 159 128]
[129 158 127]
[129 159 128]
[127 158 126]
[127 158 127]
[128 159 127]
[126 158 126]
[126 158 126]
[125 157 126]
[125 158 127]
[124 157 126]
[124 157 126]
[124 157 126]
[123 156 125]
[123 156 125]
[122 156 125]
[122 156 125]
[121 155 124]
[121 156 125]
[121 155 124]
[120 155 124]
[119 155 124]
[119 155 124]
[118 154 123]
[118 154 123]
[117 153 123]
[117 153 122]
[117 152 122]
[116 153 121]
[115 152 121]
[115 152 121]
[114 151 120]
[114 151 121]
[113 150 119]
[113 149 119]
[113 149 118]
[112 148 117]
[111 147 117]
[110 146 115]
[109 145 114]
[109 143 113]
[108 140 109]
[157 147 110]
[155 149 112]
[155 150 114]
[154 151 115]
[153 152 116]
[153 153 117]
[152 154 118]
[152 154 118]
[151 154 119]
[151 155 120]
[150 155 120]
[150 156 122]
[149 156 121]
[149 156 122]
[148 157 123]
[147 157 123]
[147 157 123]
[146 157 123]
[146 158 124]
[146 158 124]
[145 157 124]
[144 157 124]
[144 158 124]
[144 158 125]
[144 159 125]
[143 159 125]
[142 158 125]
[142 159 125]
[142 159 126]
[141 159 126]
[141 160 126]
[140 159 126]
[140 159 126]
[140 160 127]
[139 159 126]
[139 160 127]
[138 159 126]
[138 159 127]
[137 159 127]
[136 159 127]
[137 159 127]
[135 158 127]
[135 159 127]
[134 158 126]
[135 159 127]
[134 159 127]
[134 158 126]
[134 159 127]
[133 159 127]
[132 159 127]
[133 159 128]
[132 160 128]
[131 159 127]
[131 159 127]
[131 159 127]
[129 158 126]
[129 158 127]
[129 159 127]
[129 158 127]
[128 158 126]
[128 159 127]
[127 158 126]
[126 158 126]
[127 158 127]
[127 158 126]
[126 158 126]
[125 157 125]
[124 157 125]
[125 158 126]
[123 157 125]
[123 156 125]
[122 156 125]
[122 156 125]
[122 156 125]
[121 156 124]
[121 156 124]
[120 155 124]
[119 154 123]
[120 155 124]
[119 155 124]
[118 154 123]
[118 154 123]
[118 154 123]
[117 153 122]
[117 153 121]
[116 152 121]
[115 152 121]
[115 151 120]
[115 151 120]
[114 151 119]
[113 150 118]
[113 149 118]
[112 149 117]
[111 148 116]
[111 147 116]
[111 146 115]
[109 144 113]
[109 143 111]
[108 140 108]
[156 146 108]
[156 149 112]
[155 150 113]
[154 151 114]
[153 152 116]
[152 153 116]
[152 153 117]
[151 154 117]
[151 154 118]
[150 154 119]
[150 155 120]
[149 155 120]
[149 156 121]
[148 156 121]
[147 156 121]
[148 157 122]
[147 157 122]
[147 157 123]
[147 158 123]
[146 158 124]
[145 158 123]
[145 158 124]
[144 158 124]
[144 158 124]
[143 158 124]
[143 159 125]
[142 158 124]
[142 159 125]
[141 159 125]
[141 159 125]
[140 158 125]
[140 159 125]
[140 159 126]
[139 158 125]
[139 159 126]
[139 159 125]
[138 159 126]
[137 159 126]
[137 159 126]
[136 158 126]
[136 159 126]
[136 159 126]
[135 159 126]
[135 159 127]
[135 159 126]
[134 159 126]
[134 159 126]
[133 159 126]
[133 159 127]
[133 159 127]
[132 159 126]
[133 159 127]
[131 159 126]
[132 160 127]
[131 159 127]
[130 159 126]
[130 159 127]
[130 159 127]
[129 158 127]
[128 158 126]
[127 158 126]
[127 158 126]
[127 158 126]
[126 158 126]
[125 157 125]
[126 158 125]
[125 157 125]
[125 157 125]
[124 157 124]
[124 157 125]
[123 156 125]
[123 156 125]
[122 156 124]
[122 156 124]
[122 156 124]
[121 155 123]
[120 155 123]
[120 155 123]
[119 155 123]
[119 155 123]
[119 154 122]
[118 154 122]
[118 154 122]
[117 153 121]
[116 152 121]
[116 153 121]
[115 152 120]
[115 151 119]
[115 151 119]
[113 150 118]
[113 150 118]
[113 149 117]
[112 149 117]
[112 148 116]
[111 147 115]
[110 146 114]
[109 145 113]
[109 143 110]
[40 52 40]
[157 146 107]
[156 148 110]
[155 151 113]
[154 151 114]
[153 152 115]
[152 153 116]
[152 153 117]
[152 154 117]
[152 155 118]
[151 155 119]
[151 155 119]
[150 155 119]
[149 156 120]
[148 156 121]
[148 157 121]
[148 157 122]
[147 157 122]
[147 157 122]
[146 157 122]
[146 158 123]
[145 158 123]
[145 158 123]
[144 158 123]
[143 158 123]
[144 159 124]
[143 159 124]
[142 158 123]
[142 159 124]
[141 159 124]
[141 159 124]
[141 159 125]
[140 159 125]
[140 159 125]
[139 159 125]
[139 159 125]
[139 160 126]
[138 159 125]
[138 159 126]
[138 159 126]
[137 159 125]
[136 159 126]
[136 159 126]
[135 159 125]
[135 159 125]
[135 159 126]
[135 160 126]
[134 159 126]
[134 159 126]
[133 159 126]
[132 159 126]
[133 159 126]
[132 159 126]
[132 159 126]
[131 159 126]
[131 159 126]
[130 159 126]
[130 159 126]
[129 159 125]
[129 159 126]
[128 159 126]
[128 158 125]
[127 158 125]
[127 158 125]
[127 158 126]
[126 158 125]
[126 158 125]
[125 158 125]
[125 157 125]
[124 157 124]
[124 157 124]
[123 156 124]
[123 156 124]
[122 156 124]
[122 156 124]
[121 156 123]
[121 156 123]
[120 155 123]
[120 155 123]
[120 155 123]
[120 155 122]
[119 154 122]
[119 154 122]
[118 154 121]
[117 153 120]
[116 153 120]
[116 152 120]
[115 152 119]
[115 151 119]
[115 151 118]
[114 151 118]
[113 150 117]
[112 149 117]
[112 149 116]
[111 148 115]
[111 147 114]
[110 146 114]
[109 144 111]
[109 143 110]
[39 50 39]
[113 105  77]
[155 148 109]
[155 150 112]
[154 151 113]
[153 152 114]
[152 152 114]
[152 154 116]
[151 154 117]
[151 154 117]
[151 155 118]
[149 155 118]
[150 156 119]
[148 155 119]
[149 156 120]
[148 157 120]
[148 157 121]
[147 157 121]
[147 157 121]
[146 158 122]
[145 157 121]
[145 158 122]
[145 158 122]
[144 158 122]
[143 158 122]
[143 158 123]
[143 158 123]
[143 159 123]
[142 158 123]
[141 159 123]
[141 159 124]
[141 160 124]
[140 159 123]
[140 159 124]
[140 159 124]
[139 159 125]
[139 159 125]
[139 159 125]
[138 159 124]
[137 159 125]
[137 159 125]
[136 159 125]
[136 159 124]
[136 159 125]
[136 159 125]
[135 159 125]
[134 159 124]
[134 159 125]
[133 159 125]
[133 159 125]
[133 159 125]
[133 159 125]
[132 159 125]
[131 159 125]
[131 159 125]
[131 159 125]
[130 159 125]
[130 159 125]
[129 159 125]
[129 159 125]
[128 158 125]
[128 158 125]
[127 157 124]
[126 158 124]
[126 158 124]
[126 158 124]
[126 157 124]
[125 157 124]
[125 157 124]
[124 157 123]
[123 157 124]
[123 157 123]
[123 156 123]
[122 156 123]
[122 156 122]
[122 156 123]
[120 155 121]
[120 155 122]
[120 155 121]
[120 155 122]
[119 155 121]
[119 154 121]
[118 154 121]
[118 154 121]
[117 153 121]
[116 153 119]
[115 152 119]
[116 152 119]
[115 152 118]
[115 151 117]
[115 151 117]
[113 150 116]
[113 150 116]
[112 148 115]
[112 148 115]
[111 146 113]
[110 145 112]
[110 145 111]
[109 143 109]
[39 51 38]
[101  94  67]
[156 149 109]
[155 150 111]
[155 151 112]
[153 152 114]
[152 152 114]
[152 153 115]
[151 154 116]
[152 155 117]
[151 155 117]
[150 155 117]
[150 155 118]
[149 156 118]
[148 156 118]
[149 156 119]
[148 157 120]
[148 157 120]
[147 157 121]
[146 157 121]
[146 158 121]
[146 158 122]
[145 158 122]
[145 158 122]
[144 158 122]
[143 159 122]
[143 158 122]
[142 158 122]
[142 159 122]
[141 158 122]
[140 158 122]
[141 159 123]
[140 159 123]
[140 159 124]
[139 158 123]
[139 158 123]
[139 160 125]
[138 159 124]
[138 159 124]
[137 159 124]
[136 159 124]
[136 159 124]
[136 159 124]
[136 160 125]
[135 159 124]
[135 159 125]
[134 159 124]
[134 158 124]
[134 160 125]
[133 159 125]
[132 159 124]
[133 159 125]
[132 159 125]
[131 159 124]
[131 159 124]
[131 159 125]
[130 159 124]
[130 159 124]
[129 158 124]
[129 158 124]
[128 159 124]
[127 158 124]
[128 158 124]
[127 158 124]
[126 158 124]
[126 158 124]
[126 157 123]
[125 158 124]
[125 157 123]
[124 157 123]
[123 156 122]
[123 156 122]
[123 157 123]
[122 156 122]
[121 156 122]
[121 156 122]
[121 156 122]
[121 156 122]
[120 155 121]
[120 155 121]
[119 154 121]
[118 154 121]
[117 153 120]
[118 154 120]
[117 153 119]
[116 153 119]
[117 153 119]
[116 153 119]
[115 152 117]
[115 151 117]
[114 151 117]
[114 150 117]
[113 149 116]
[112 149 115]
[112 148 113]
[110 146 112]
[110 146 112]
[110 145 110]
[109 142 108]
[39 50 37]
[101  93  67]
[156 148 107]
[155 150 109]
[154 151 112]
[154 152 112]
[152 152 113]
[152 153 114]
[152 154 115]
[151 155 116]
[151 155 116]
[150 155 117]
[150 156 118]
[149 156 118]
[149 156 118]
[148 156 119]
[148 157 119]
[147 157 120]
[147 157 119]
[146 157 120]
[146 158 121]
[145 157 120]
[145 158 121]
[144 158 121]
[144 158 121]
[143 158 121]
[143 158 122]
[142 158 121]
[142 158 122]
[141 158 122]
[141 159 123]
[141 158 122]
[140 159 122]
[140 159 123]
[140 159 123]
[139 159 124]
[139 159 124]
[139 160 124]
[138 159 124]
[137 159 124]
[137 159 124]
[137 160 125]
[136 159 124]
[136 159 124]
[135 159 124]
[135 159 124]
[135 159 124]
[134 159 124]
[134 159 124]
[133 159 124]
[133 159 124]
[133 159 124]
[132 159 124]
[132 159 124]
[131 159 124]
[130 159 123]
[130 159 124]
[129 158 123]
[130 159 124]
[129 159 124]
[128 158 123]
[128 158 123]
[127 157 123]
[127 158 123]
[126 157 123]
[126 157 123]
[125 157 122]
[125 157 123]
[125 157 122]
[124 156 122]
[123 156 122]
[123 156 122]
[123 156 122]
[122 156 122]
[122 156 121]
[122 156 121]
[121 156 121]
[121 156 121]
[120 155 120]
[120 155 121]
[119 155 121]
[118 154 120]
[118 154 119]
[117 154 119]
[117 153 118]
[116 153 118]
[116 153 118]
[115 152 117]
[114 151 116]
[115 151 117]
[114 151 116]
[113 150 115]
[113 149 115]
[112 149 114]
[111 147 112]
[111 146 112]
[110 145 110]
[110 144 109]
[109 142 107]
[38 49 36]
[101  93  65]
[157 148 106]
[155 150 108]
[154 151 110]
[153 152 111]
[153 152 112]
[152 153 113]
[152 154 114]
[151 154 115]
[150 155 116]
[150 155 116]
[149 155 116]
[150 156 118]
[148 156 117]
[147 156 117]
[147 156 118]
[147 157 119]
[146 157 119]
[146 157 120]
[145 157 120]
[145 157 120]
[144 157 120]
[144 158 121]
[143 158 121]
[144 158 121]
[143 158 121]
[142 158 121]
[142 159 122]
[142 159 122]
[141 158 121]
[141 159 122]
[141 159 122]
[140 159 122]
[140 159 123]
[139 159 123]
[139 159 123]
[138 158 123]
[138 159 123]
[137 159 123]
[137 159 123]
[137 159 124]
[136 159 124]
[136 159 124]
[135 160 124]
[135 159 123]
[134 159 123]
[134 159 123]
[134 159 124]
[134 159 124]
[133 159 124]
[132 159 123]
[132 159 123]
[132 159 123]
[131 159 124]
[130 159 123]
[130 159 123]
[129 158 123]
[130 158 123]
[129 158 123]
[128 158 123]
[128 158 123]
[127 158 122]
[127 158 122]
[127 158 123]
[126 158 122]
[125 157 122]
[125 157 122]
[125 157 122]
[124 157 122]
[124 156 122]
[123 156 121]
[123 156 122]
[122 156 121]
[122 156 121]
[121 156 121]
[121 156 120]
[121 156 120]
[120 155 120]
[119 155 120]
[119 155 119]
[118 155 119]
[118 154 119]
[118 154 119]
[117 154 118]
[116 153 118]
[116 153 117]
[115 152 117]
[115 151 116]
[115 151 116]
[113 150 115]
[113 150 115]
[112 149 113]
[112 149 113]
[111 147 112]
[110 146 111]
[111 146 110]
[109 144 108]
[109 142 105]
[102  93  64]
[156 148 105]
[155 149 107]
[154 151 109]
[153 151 111]
[153 152 112]
[153 153 113]
[152 153 114]
[151 154 114]
[150 154 114]
[150 155 115]
[150 156 117]
[150 156 117]
[149 156 117]
[148 156 118]
[148 157 118]
[147 157 118]
[146 156 118]
[146 157 119]
[145 157 119]
[145 157 119]
[145 158 120]
[145 158 120]
[144 158 120]
[143 158 120]
[143 158 120]
[143 159 121]
[142 158 120]
[142 159 121]
[141 158 120]
[141 159 121]
[140 159 121]
[141 160 122]
[140 159 122]
[139 159 122]
[139 159 122]
[138 159 122]
[138 159 123]
[137 159 122]
[137 159 123]
[137 160 123]
[136 159 123]
[136 159 123]
[135 159 123]
[134 159 123]
[134 159 123]
[134 159 123]
[133 159 123]
[133 159 123]
[133 159 123]
[133 159 123]
[132 159 123]
[131 159 122]
[130 158 122]
[131 159 122]
[131 159 123]
[130 159 123]
[130 159 123]
[130 159 123]
[128 158 122]
[128 159 123]
[127 158 122]
[127 158 121]
[127 158 122]
[127 158 122]
[126 157 121]
[125 157 121]
[125 157 121]
[124 157 121]
[123 156 121]
[123 156 121]
[123 157 122]
[122 156 121]
[122 157 121]
[121 155 119]
[122 156 120]
[121 155 119]
[120 155 119]
[120 156 120]
[118 154 118]
[118 154 118]
[117 154 117]
[117 153 117]
[116 153 117]
[117 153 117]
[116 153 117]
[115 152 116]
[115 151 116]
[114 150 114]
[113 150 114]
[113 149 113]
[113 149 113]
[112 149 112]
[111 147 111]
[110 146 110]
[110 145 108]
[110 144 108]
[108 141 104]
[157 148 104]
[156 149 107]
[154 150 109]
[153 151 109]
[153 153 111]
[153 153 112]
[152 153 112]
[152 154 114]
[150 155 114]
[150 155 115]
[150 156 115]
[149 156 116]
[149 156 116]
[148 156 117]
[147 156 117]
[147 157 117]
[147 157 118]
[146 157 118]
[145 157 118]
[145 157 118]
[145 158 119]
[145 158 119]
[143 157 119]
[143 158 119]
[143 158 119]
[143 159 120]
[143 159 121]
[141 158 120]
[141 159 120]
[141 159 120]
[141 159 121]
[140 159 121]
[140 159 121]
[139 159 122]
[138 159 121]
[139 159 122]
[138 159 122]
[137 159 122]
[137 159 122]
[137 159 122]
[136 159 122]
[135 159 122]
[135 159 123]
[135 159 122]
[135 159 123]
[133 158 122]
[134 159 123]
[133 159 123]
[133 160 123]
[132 158 122]
[132 159 122]
[131 159 122]
[131 159 122]
[131 159 122]
[130 159 122]
[130 158 122]
[129 158 122]
[129 158 122]
[129 158 122]
[128 158 121]
[127 158 121]
[127 158 121]
[126 157 121]
[127 158 122]
[126 157 121]
[125 157 121]
[125 157 121]
[124 157 121]
[124 157 121]
[123 157 121]
[123 156 120]
[123 157 120]
[122 156 120]
[122 156 120]
[121 155 120]
[121 155 119]
[120 155 119]
[120 155 119]
[119 154 118]
[118 154 118]
[118 154 117]
[118 154 118]
[117 153 117]
[116 153 117]
[116 152 116]
[115 152 116]
[114 151 115]
[114 151 114]
[113 150 113]
[112 150 112]
[112 149 112]
[112 148 112]
[112 148 111]
[110 146 109]
[110 145 108]
[108 143 106]
[108 141 103]
[157 147 103]
[155 149 106]
[154 150 108]
[154 152 109]
[153 153 111]
[153 153 112]
[152 154 112]
[152 154 113]
[151 155 113]
[150 155 114]
[150 155 115]
[150 156 116]
[149 156 116]
[148 156 116]
[148 156 116]
[147 156 117]
[147 157 117]
[147 157 117]
[146 157 117]
[145 158 118]
[145 158 118]
[144 158 118]
[144 158 119]
[144 158 119]
[143 159 119]
[142 158 119]
[142 158 119]
[142 159 120]
[141 159 120]
[141 159 121]
[141 159 120]
[140 159 121]
[140 159 121]
[139 159 121]
[139 159 121]
[138 159 122]
[137 158 121]
[138 159 122]
[137 159 121]
[137 159 122]
[136 159 122]
[136 159 122]
[135 159 121]
[135 159 122]
[135 159 122]
[134 159 122]
[134 159 122]
[133 159 122]
[133 159 122]
[132 159 122]
[132 159 121]
[131 159 121]
[131 159 121]
[131 159 121]
[131 159 121]
[130 159 122]
[129 158 121]
[129 158 121]
[129 159 121]
[128 158 121]
[127 158 121]
[127 158 120]
[127 158 121]
[126 157 120]
[126 157 120]
[125 157 120]
[124 157 120]
[124 157 120]
[124 157 120]
[123 156 120]
[123 156 120]
[122 156 119]
[122 156 119]
[122 156 119]
[121 156 119]
[120 155 118]
[121 155 118]
[119 154 117]
[119 154 117]
[119 154 117]
[118 154 117]
[117 154 117]
[116 153 116]
[116 153 116]
[116 153 116]
[115 152 115]
[115 152 114]
[114 151 114]
[113 150 113]
[113 149 112]
[113 149 112]
[112 149 111]
[111 147 110]
[110 146 108]
[110 145 107]
[109 143 105]
[107 139 100]
[157 147 102]
[156 149 105]
[155 150 106]
[153 151 108]
[154 153 110]
[152 153 110]
[152 154 111]
[152 154 112]
[151 155 113]
[150 155 113]
[150 156 114]
[149 156 114]
[255   0   0]
[148 156 115]
[148 156 115]
[147 157 116]
[147 157 117]
[147 157 117]
[146 157 117]
[145 157 117]
[145 158 117]
[145 158 118]
[144 158 118]
[144 158 118]
[143 158 118]
[143 158 119]
[142 159 118]
[142 159 119]
[141 159 119]
[141 159 119]
[140 159 119]
[140 159 120]
[140 159 120]
[139 159 121]
[138 158 120]
[138 159 120]
[138 159 120]
[137 159 121]
[137 159 120]
[137 160 121]
[136 159 121]
[135 158 120]
[135 159 120]
[135 159 121]
[135 159 121]
[134 159 121]
[134 159 121]
[133 159 121]
[132 158 120]
[132 159 121]
[132 159 121]
[131 159 120]
[131 159 120]
[131 159 121]
[130 159 121]
[130 158 120]
[130 159 121]
[129 158 121]
[129 158 121]
[128 158 120]
[128 158 120]
[126 158 119]
[126 157 120]
[126 158 120]
[126 157 120]
[125 157 120]
[124 157 119]
[124 157 119]
[124 157 119]
[123 157 119]
[123 156 119]
[122 156 119]
[122 156 118]
[122 156 118]
[122 155 118]
[121 156 118]
[120 155 117]
[120 155 117]
[119 154 116]
[119 154 116]
[118 154 116]
[117 153 116]
[117 153 115]
[116 153 115]
[116 152 114]
[115 152 114]
[114 151 113]
[114 151 113]
[114 151 112]
[113 150 111]
[112 149 111]
[112 148 110]
[111 147 109]
[111 146 107]
[109 144 105]
[109 143 103]
[69 90 65]
[157 147 101]
[156 149 104]
[155 149 105]
[154 152 108]
[153 152 108]
[153 153 109]
[152 153 110]
[151 154 111]
[152 155 112]
[151 155 112]
[150 156 113]
[150 156 114]
[148 155 114]
[149 156 114]
[148 157 115]
[147 157 115]
[146 156 115]
[147 157 116]
[147 158 117]
[146 158 117]
[144 157 117]
[145 158 118]
[144 158 118]
[144 159 118]
[143 158 118]
[143 158 118]
[142 158 118]
[142 159 118]
[141 159 118]
[140 158 118]
[140 159 119]
[140 159 119]
[140 159 120]
[139 159 119]
[139 159 120]
[139 160 121]
[138 159 120]
[137 159 120]
[137 159 120]
[137 159 121]
[136 159 121]
[135 159 120]
[135 159 120]
[135 159 120]
[134 159 120]
[135 160 121]
[133 158 120]
[133 159 121]
[133 159 120]
[132 159 120]
[132 159 120]
[131 159 120]
[132 159 121]
[131 159 121]
[130 158 120]
[130 159 120]
[129 158 120]
[129 158 120]
[128 158 120]
[128 158 120]
[128 158 120]
[127 158 120]
[127 158 120]
[126 158 119]
[125 157 119]
[125 157 119]
[124 157 119]
[124 157 119]
[123 156 118]
[123 156 118]
[123 157 118]
[123 157 118]
[122 156 118]
[122 156 118]
[122 156 118]
[121 155 117]
[120 155 117]
[119 154 116]
[119 155 116]
[118 154 116]
[118 154 116]
[117 154 115]
[117 153 114]
[116 152 114]
[116 152 114]
[115 152 113]
[114 151 112]
[114 151 112]
[114 150 111]
[113 150 111]
[112 149 110]
[111 148 109]
[111 147 108]
[110 145 106]
[109 144 104]
[109 143 103]
[69 90 64]
[146 136  92]
[155 148 102]
[155 150 104]
[154 151 106]
[153 152 107]
[153 153 109]
[152 154 109]
[152 154 110]
[151 154 111]
[151 155 112]
[150 155 112]
[150 156 113]
[149 156 113]
[149 156 114]
[148 157 114]
[147 156 114]
[147 157 114]
[147 158 116]
[146 158 116]
[145 157 115]
[145 158 116]
[145 158 117]
[144 158 117]
[144 158 117]
[144 159 118]
[144 158 118]
[142 158 117]
[142 159 117]
[142 159 118]
[141 159 118]
[141 159 118]
[140 159 119]
[140 159 119]
[139 159 118]
[138 159 119]
[138 159 119]
[137 159 119]
[137 159 119]
[136 159 119]
[137 159 120]
[136 159 119]
[136 159 120]
[135 158 119]
[135 159 119]
[134 159 119]
[134 159 120]
[133 159 119]
[133 159 119]
[133 159 119]
[132 159 119]
[132 159 119]
[132 159 119]
[132 159 120]
[131 159 119]
[130 159 119]
[130 158 119]
[130 158 119]
[129 158 119]
[128 158 119]
[128 158 119]
[127 158 119]
[127 158 119]
[126 157 118]
[126 158 119]
[126 158 119]
[125 157 118]
[124 157 118]
[123 157 118]
[124 157 118]
[123 156 118]
[122 156 117]
[122 156 117]
[121 156 117]
[121 156 117]
[121 155 116]
[121 155 116]
[119 154 116]
[120 155 116]
[119 154 115]
[118 154 115]
[118 153 115]
[118 153 114]
[117 153 114]
[116 152 113]
[116 151 113]
[115 151 112]
[115 152 112]
[114 150 111]
[113 150 110]
[113 150 110]
[112 149 109]
[111 147 108]
[111 147 107]
[110 145 105]
[109 144 104]
[109 142 102]
[69 90 64]
[146 135  91]
[156 148 101]
[155 150 104]
[154 151 105]
[154 152 106]
[152 152 107]
[152 154 108]
[152 154 109]
[151 154 110]
[150 155 111]
[150 155 111]
[149 156 112]
[149 155 112]
[149 156 113]
[148 156 114]
[147 157 113]
[146 157 113]
[146 157 114]
[146 157 115]
[146 157 115]
[146 158 116]
[144 157 115]
[144 158 116]
[143 158 116]
[144 159 117]
[143 158 117]
[143 159 117]
[142 158 117]
[141 158 117]
[141 159 117]
[141 159 118]
[140 159 118]
[140 159 118]
[139 159 118]
[139 159 119]
[138 159 119]
[138 159 118]
[137 159 118]
[137 159 118]
[136 159 119]
[136 159 119]
[136 159 119]
[135 159 119]
[135 158 119]
[134 159 118]
[134 159 118]
[133 158 119]
[133 159 119]
[133 159 118]
[132 159 118]
[132 159 119]
[132 159 119]
[131 159 119]
[130 159 119]
[130 159 119]
[129 158 118]
[130 158 119]
[129 158 118]
[128 158 118]
[128 158 119]
[128 159 119]
[127 158 118]
[127 158 118]
[126 158 118]
[125 158 118]
[125 157 118]
[124 157 117]
[124 157 117]
[123 157 117]
[123 156 117]
[123 157 117]
[122 157 117]
[122 156 116]
[121 156 116]
[120 155 115]
[120 155 115]
[120 155 115]
[119 154 114]
[119 155 114]
[118 154 114]
[118 153 114]
[118 154 114]
[117 153 113]
[116 153 112]
[116 152 112]
[115 151 112]
[114 151 111]
[114 151 111]
[113 150 109]
[112 149 109]
[112 149 108]
[112 147 107]
[111 147 105]
[110 146 104]
[110 144 103]
[109 143 101]
[69 89 62]
[147 135  90]
[156 148 100]
[155 149 102]
[154 150 104]
[153 152 105]
[153 153 106]
[152 153 107]
[151 153 108]
[151 154 109]
[150 154 110]
[150 155 110]
[149 155 111]
[149 155 111]
[149 156 113]
[148 156 112]
[147 157 112]
[147 157 113]
[146 157 113]
[147 158 115]
[146 157 114]
[145 158 115]
[145 158 115]
[144 157 115]
[144 158 116]
[143 158 116]
[143 158 116]
[142 158 116]
[142 159 117]
[141 158 116]
[141 159 116]
[141 159 116]
[140 159 117]
[139 159 117]
[139 159 118]
[138 159 117]
[139 159 118]
[139 160 119]
[137 159 118]
[136 159 118]
[137 160 119]
[136 159 118]
[136 159 118]
[135 159 118]
[135 160 119]
[134 159 118]
[134 159 118]
[133 159 118]
[133 159 118]
[132 159 118]
[132 158 118]
[132 160 119]
[131 159 118]
[131 159 119]
[130 158 118]
[131 159 118]
[129 158 118]
[130 159 118]
[129 158 118]
[128 158 118]
[127 158 117]
[128 159 118]
[127 159 118]
[127 158 118]
[126 158 117]
[125 157 117]
[125 157 117]
[125 158 117]
[124 157 117]
[123 156 116]
[123 157 116]
[123 157 116]
[122 156 116]
[121 156 115]
[121 156 115]
[121 156 115]
[120 155 114]
[119 154 114]
[119 155 114]
[119 154 113]
[118 153 113]
[117 153 113]
[118 154 113]
[117 153 112]
[116 152 111]
[116 152 111]
[115 152 111]
[114 151 110]
[114 151 110]
[114 150 109]
[113 149 108]
[112 148 107]
[111 147 105]
[110 147 104]
[110 146 104]
[110 144 101]
[109 143 100]
[157 148  99]
[155 149 101]
[154 151 104]
[154 152 105]
[153 153 106]
[152 153 107]
[152 154 107]
[151 154 108]
[151 155 109]
[150 156 110]
[149 155 110]
[149 155 111]
[149 157 112]
[148 157 112]
[148 157 112]
[147 157 112]
[147 157 113]
[146 157 113]
[146 158 114]
[145 158 113]
[145 158 114]
[144 158 115]
[143 158 115]
[143 158 115]
[143 158 115]
[143 158 116]
[142 158 116]
[142 159 116]
[141 159 115]
[140 159 116]
[140 159 116]
[140 159 117]
[139 159 117]
[139 159 117]
[138 158 117]
[138 159 117]
[138 159 117]
[137 159 117]
[137 160 117]
[136 160 118]
[135 159 117]
[136 159 117]
[135 159 117]
[135 159 118]
[135 160 118]
[134 160 117]
[133 159 117]
[132 159 117]
[132 159 118]
[132 159 118]
[131 159 118]
[131 159 118]
[131 159 118]
[130 158 117]
[130 159 118]
[130 159 118]
[129 158 118]
[128 158 117]
[128 159 117]
[128 159 117]
[127 158 117]
[127 158 117]
[127 158 117]
[126 157 116]
[125 157 116]
[125 158 116]
[124 157 116]
[124 157 115]
[124 157 116]
[122 156 115]
[122 156 115]
[121 156 114]
[121 155 114]
[121 155 115]
[120 155 114]
[120 155 113]
[119 154 113]
[119 154 113]
[118 154 113]
[117 153 112]
[118 154 113]
[117 153 111]
[116 153 111]
[116 152 111]
[115 152 110]
[114 151 110]
[114 151 109]
[113 150 108]
[112 149 107]
[112 148 106]
[112 148 105]
[111 147 104]
[110 145 102]
[109 144 101]
[109 143  98]
[157 148  98]
[156 150 100]
[154 151 102]
[154 152 104]
[153 153 105]
[153 153 106]
[152 154 106]
[152 154 108]
[151 154 108]
[150 155 108]
[149 155 109]
[149 156 110]
[148 156 111]
[148 156 111]
[147 156 111]
[147 157 112]
[147 157 112]
[146 157 113]
[146 157 113]
[145 157 113]
[144 157 113]
[144 158 114]
[143 158 114]
[143 158 114]
[142 158 115]
[143 159 116]
[142 158 115]
[142 159 115]
[141 159 115]
[141 160 116]
[140 159 115]
[140 159 116]
[140 159 116]
[138 159 116]
[139 159 116]
[138 159 116]
[138 159 117]
[138 160 117]
[136 160 117]
[136 160 116]
[136 160 117]
[136 159 117]
[135 159 116]
[135 160 117]
[134 159 116]
[133 159 116]
[133 159 116]
[132 159 117]
[132 158 116]
[132 159 117]
[131 159 117]
[130 159 117]
[131 159 117]
[130 159 117]
[130 159 117]
[130 159 117]
[129 159 117]
[128 158 116]
[128 158 116]
[127 158 116]
[127 158 116]
[127 158 116]
[126 157 115]
[126 158 116]
[125 157 116]
[125 157 115]
[124 157 115]
[124 157 115]
[124 157 115]
[123 157 115]
[122 157 115]
[122 156 114]
[121 156 114]
[121 156 114]
[121 155 113]
[120 155 113]
[120 155 113]
[119 154 112]
[119 154 112]
[118 153 111]
[118 153 111]
[117 153 111]
[117 152 111]
[116 152 110]
[115 152 110]
[114 152 109]
[114 151 108]
[113 150 108]
[112 149 106]
[112 148 105]
[111 147 104]
[110 146 103]
[110 146 102]
[109 144 100]
[101 132  90]
[156 147  97]
[155 149  99]
[154 150 101]
[153 151 102]
[154 152 104]
[153 153 105]
[152 154 106]
[152 154 107]
[151 155 108]
[150 155 108]
[150 156 109]
[150 156 109]
[149 157 110]
[148 157 110]
[148 157 111]
[147 157 111]
[147 157 112]
[146 157 111]
[145 157 111]
[145 158 112]
[145 158 113]
[144 158 113]
[144 158 113]
[143 158 113]
[143 158 114]
[142 158 115]
[142 158 115]
[142 159 115]
[141 159 115]
[140 159 115]
[141 160 115]
[140 159 114]
[139 159 115]
[139 159 115]
[139 159 115]
[138 160 116]
[137 159 115]
[137 159 115]
[136 159 115]
[136 160 116]
[136 159 116]
[136 159 116]
[135 159 116]
[134 159 115]
[134 159 116]
[134 159 116]
[133 159 116]
[133 159 116]
[132 159 116]
[132 159 116]
[131 159 116]
[131 159 116]
[131 159 116]
[130 159 116]
[130 159 116]
[129 158 116]
[129 159 117]
[129 159 116]
[127 158 115]
[127 158 115]
[126 157 115]
[126 157 115]
[126 158 115]
[125 157 115]
[125 157 115]
[124 157 114]
[124 157 114]
[123 156 114]
[123 157 115]
[122 156 114]
[122 157 114]
[121 156 113]
[121 156 114]
[120 155 113]
[121 156 113]
[120 155 112]
[119 154 112]
[119 154 111]
[119 154 111]
[118 154 111]
[118 153 111]
[117 152 110]
[116 153 110]
[115 152 109]
[115 152 108]
[114 151 108]
[114 151 107]
[113 149 106]
[112 149 105]
[112 149 104]
[112 148 104]
[110 147 102]
[110 145 100]
[108 143  99]
[100 131  89]
[147 138  90]
[155 149  98]
[155 151 100]
[154 152 102]
[153 153 104]
[152 153 104]
[153 154 106]
[152 155 106]
[151 154 106]
[150 155 107]
[150 156 108]
[149 155 108]
[149 156 109]
[149 157 110]
[148 157 110]
[147 157 110]
[147 157 111]
[146 157 111]
[146 158 112]
[145 157 111]
[144 157 111]
[145 158 112]
[144 159 113]
[143 158 113]
[143 158 114]
[143 159 114]
[142 159 114]
[141 158 114]
[141 158 114]
[140 159 114]
[139 158 113]
[140 159 115]
[139 159 114]
[139 159 115]
[138 158 114]
[138 159 115]
[138 159 115]
[138 160 115]
[136 159 114]
[136 159 115]
[136 160 115]
[135 159 115]
[136 159 116]
[135 159 116]
[134 159 116]
[133 159 115]
[133 159 116]
[132 159 115]
[132 159 115]
[132 159 115]
[131 159 115]
[131 159 115]
[130 159 115]
[129 158 115]
[129 158 115]
[129 159 116]
[128 158 115]
[129 159 115]
[127 158 115]
[127 158 114]
[127 158 114]
[126 157 114]
[126 158 115]
[126 158 115]
[125 158 114]
[125 158 115]
[124 157 114]
[123 156 113]
[123 157 114]
[123 157 114]
[122 156 113]
[121 156 112]
[121 156 113]
[121 155 112]
[120 155 112]
[120 155 112]
[119 155 111]
[119 154 111]
[118 153 110]
[118 154 111]
[117 153 109]
[117 153 110]
[116 152 108]
[115 152 108]
[115 152 108]
[114 151 107]
[113 150 106]
[113 150 106]
[112 149 104]
[112 148 104]
[111 147 102]
[110 146 101]
[110 145 100]
[109 144  98]
[34 32 21]
[156 149  97]
[154 150  99]
[153 151 100]
[153 152 102]
[153 153 103]
[152 154 104]
[151 154 104]
[151 155 106]
[150 155 106]
[150 155 107]
[149 155 108]
[148 156 107]
[149 157 109]
[148 157 109]
[147 157 109]
[147 157 109]
[146 157 110]
[146 158 111]
[145 157 111]
[145 158 111]
[144 157 111]
[143 157 111]
[143 158 112]
[143 158 113]
[142 158 113]
[142 158 112]
[141 158 113]
[141 159 113]
[140 158 113]
[140 159 114]
[140 159 114]
[140 159 114]
[139 159 114]
[138 159 114]
[138 159 114]
[138 159 114]
[137 159 114]
[137 159 114]
[136 159 114]
[136 159 114]
[135 159 114]
[135 159 115]
[135 159 115]
[134 159 115]
[133 159 115]
[133 159 115]
[132 159 114]
[132 159 114]
[132 159 114]
[131 159 114]
[130 159 114]
[130 159 115]
[130 159 115]
[130 159 114]
[129 158 114]
[128 158 114]
[128 158 114]
[127 158 114]
[127 158 114]
[126 158 114]
[126 158 114]
[126 158 114]
[125 157 114]
[124 157 113]
[124 157 113]
[124 157 113]
[124 157 113]
[123 157 113]
[123 157 113]
[122 156 112]
[122 156 112]
[120 155 111]
[121 156 111]
[120 155 111]
[120 155 111]
[120 155 111]
[119 154 110]
[118 153 110]
[118 153 109]
[118 153 109]
[117 153 109]
[115 152 107]
[115 152 107]
[114 151 106]
[114 151 106]
[114 150 106]
[113 150 104]
[112 149 104]
[111 148 102]
[111 147 102]
[110 146 100]
[109 145  99]
[109 144  97]
[155 149  96]
[155 150  99]
[154 151 100]
[154 152 101]
[153 153 102]
[152 153 103]
[152 154 103]
[151 155 104]
[150 155 105]
[150 155 106]
[149 155 107]
[148 156 107]
[148 156 107]
[148 157 108]
[147 156 108]
[147 157 109]
[146 157 109]
[146 157 110]
[145 157 110]
[144 157 110]
[144 158 110]
[144 158 111]
[143 158 111]
[143 158 112]
[142 158 111]
[142 159 112]
[141 158 112]
[142 159 113]
[141 159 113]
[140 159 113]
[139 158 113]
[139 159 113]
[139 159 114]
[139 159 114]
[138 159 114]
[137 159 113]
[137 159 113]
[136 159 113]
[137 159 114]
[136 159 114]
[135 159 114]
[135 159 114]
[134 159 114]
[134 159 114]
[133 159 113]
[133 159 114]
[133 159 114]
[132 159 114]
[132 159 114]
[132 160 114]
[130 159 113]
[130 159 113]
[129 159 113]
[130 159 114]
[130 158 114]
[129 158 114]
[128 158 113]
[127 158 113]
[127 158 113]
[126 158 114]
[126 158 113]
[126 158 113]
[125 157 113]
[124 157 113]
[124 157 112]
[125 157 113]
[124 157 112]
[124 157 111]
[123 156 112]
[122 156 111]
[121 156 111]
[121 156 111]
[121 155 111]
[120 155 110]
[120 155 110]
[119 154 109]
[118 154 109]
[118 153 109]
[118 153 109]
[117 153 108]
[116 153 107]
[116 153 107]
[116 153 107]
[114 151 106]
[114 151 105]
[113 150 104]
[113 149 103]
[112 149 103]
[111 148 102]
[111 147 101]
[111 146  99]
[110 145  98]
[109 143  95]
[83 80 51]
[155 150  97]
[154 152  99]
[153 152 100]
[153 153 102]
[152 153 102]
[152 154 103]
[151 154 103]
[150 155 104]
[150 155 105]
[149 156 106]
[148 155 106]
[148 156 107]
[147 156 107]
[147 156 107]
[147 157 108]
[147 158 109]
[146 157 109]
[145 157 110]
[145 158 110]
[144 158 110]
[144 158 110]
[143 158 111]
[143 158 111]
[143 159 111]
[142 158 111]
[142 159 112]
[141 159 112]
[141 159 112]
[140 160 113]
[140 159 113]
[139 159 113]
[139 159 113]
[139 160 113]
[138 159 113]
[137 159 113]
[137 159 113]
[136 159 113]
[136 159 113]
[136 160 114]
[136 159 113]
[135 159 113]
[134 159 113]
[135 160 114]
[133 159 113]
[133 159 113]
[132 159 113]
[132 159 113]
[132 159 113]
[131 159 113]
[131 159 113]
[131 159 114]
[130 159 113]
[130 159 113]
[129 158 112]
[129 158 113]
[128 158 112]
[127 158 112]
[127 158 113]
[127 158 113]
[126 158 113]
[125 157 112]
[125 157 112]
[124 157 112]
[124 156 111]
[124 156 111]
[124 156 111]
[124 156 111]
[123 157 111]
[122 156 110]
[121 156 110]
[121 156 111]
[120 155 109]
[121 156 110]
[119 154 109]
[119 154 109]
[119 154 109]
[118 153 108]
[118 153 108]
[117 153 107]
[117 153 107]
[115 152 106]
[115 152 106]
[115 152 105]
[114 150 104]
[114 150 104]
[113 150 103]
[111 149 102]
[111 148 101]
[111 147 100]
[111 146  98]
[110 145  97]
[23 31 20]
[155 150  96]
[154 151  98]
[153 152  99]
[153 153 101]
[152 153 101]
[151 153 102]
[151 154 103]
[151 155 104]
[150 156 104]
[149 155 105]
[148 156 106]
[148 156 106]
[147 156 106]
[147 156 106]
[146 156 107]
[147 157 108]
[146 157 108]
[145 157 109]
[145 158 110]
[144 158 109]
[144 158 109]
[143 158 110]
[143 158 110]
[142 158 110]
[142 159 111]
[142 159 111]
[142 159 112]
[140 159 111]
[140 159 112]
[139 159 112]
[139 159 112]
[138 159 112]
[138 159 112]
[138 159 112]
[138 159 113]
[137 160 113]
[137 160 113]
[137 160 113]
[136 159 112]
[135 159 113]
[135 159 112]
[135 159 113]
[134 159 113]
[133 159 112]
[133 159 113]
[133 159 112]
[132 159 113]
[131 159 112]
[132 159 113]
[131 159 113]
[130 158 112]
[130 159 112]
[129 158 112]
[130 159 113]
[129 159 113]
[128 158 112]
[128 158 112]
[127 158 112]
[127 158 112]
[127 158 112]
[125 157 111]
[125 157 111]
[125 157 111]
[125 158 111]
[124 157 111]
[124 157 111]
[123 157 110]
[123 157 110]
[123 157 110]
[121 156 109]
[121 156 109]
[121 155 109]
[119 154 108]
[119 154 108]
[119 154 108]
[118 154 108]
[118 154 107]
[118 154 108]
[117 153 107]
[116 152 106]
[116 152 106]
[114 151 105]
[114 151 104]
[113 151 103]
[113 150 103]
[255   0   0]
[112 149 101]
[111 148 100]
[111 147  99]
[111 146  98]
[109 144  95]
[138 134  84]
[154 151  98]
[154 152  98]
[153 152  99]
[153 153 101]
[152 154 101]
[151 154 102]
[150 155 103]
[150 155 103]
[150 156 104]
[149 156 105]
[148 156 106]
[148 157 106]
[147 157 106]
[147 157 107]
[147 157 107]
[146 157 108]
[145 157 108]
[145 157 108]
[144 158 109]
[144 158 109]
[144 158 109]
[143 158 109]
[143 159 110]
[142 159 110]
[141 158 110]
[141 159 110]
[141 159 111]
[140 159 111]
[140 159 111]
[139 159 111]
[138 159 111]
[138 159 112]
[138 159 112]
[138 159 112]
[137 159 112]
[137 159 112]
[136 160 112]
[136 159 112]
[136 160 112]
[135 159 112]
[135 159 112]
[134 159 112]
[134 159 112]
[134 159 112]
[133 159 112]
[133 159 112]
[132 159 112]
[132 159 112]
[131 159 112]
[130 158 112]
[130 159 112]
[129 158 112]
[129 158 112]
[129 158 111]
[129 159 112]
[128 158 111]
[127 158 111]
[127 158 112]
[126 157 111]
[126 158 111]
[125 157 111]
[125 157 110]
[125 157 110]
[124 157 110]
[124 157 110]
[123 157 109]
[123 156 109]
[122 156 109]
[122 156 109]
[121 156 109]
[120 155 108]
[120 155 108]
[119 154 107]
[119 154 107]
[118 154 106]
[118 154 107]
[117 153 106]
[117 153 106]
[116 152 105]
[116 152 105]
[115 152 104]
[114 151 104]
[114 151 102]
[113 150 102]
[113 150 101]
[112 149 100]
[111 148  99]
[111 147  98]
[111 146  96]
[ 83 109  71]
[27 26 16]
[154 151  95]
[154 152  97]
[153 153  98]
[153 153 100]
[152 153 100]
[151 154 101]
[150 154 101]
[150 155 103]
[149 155 103]
[149 156 104]
[148 156 104]
[148 156 105]
[147 156 105]
[147 157 106]
[147 158 107]
[146 157 107]
[145 157 108]
[145 157 107]
[144 158 108]
[144 157 108]
[144 158 109]
[144 159 109]
[143 159 109]
[142 159 109]
[142 159 109]
[141 159 109]
[141 159 110]
[140 159 110]
[140 159 110]
[139 159 110]
[139 159 111]
[138 159 111]
[138 159 111]
[137 159 111]
[137 159 111]
[137 159 111]
[137 160 111]
[136 159 111]
[136 160 111]
[135 159 111]
[135 159 112]
[135 159 112]
[134 159 111]
[133 159 111]
[133 159 111]
[133 159 111]
[132 159 111]
[131 159 111]
[131 159 111]
[131 159 111]
[130 159 111]
[130 158 111]
[130 159 111]
[129 158 111]
[128 158 111]
[128 159 111]
[127 158 110]
[127 158 110]
[126 158 110]
[126 157 110]
[125 157 110]
[124 157 109]
[125 157 109]
[124 157 109]
[123 157 109]
[123 157 109]
[123 156 109]
[122 156 108]
[121 156 108]
[121 156 108]
[121 155 108]
[120 155 107]
[119 155 107]
[118 154 106]
[118 155 106]
[117 154 106]
[117 153 105]
[117 153 105]
[117 153 105]
[115 152 104]
[114 151 103]
[114 151 102]
[113 150 102]
[113 150 101]
[112 149 100]
[111 149  98]
[111 147  98]
[111 147  97]
[111 146  96]
[12 16 10]
[154 150  94]
[153 152  96]
[153 153  97]
[153 154  99]
[152 153  99]
[151 154 100]
[151 155 101]
[150 155 102]
[149 156 103]
[149 156 104]
[148 157 104]
[148 157 104]
[147 156 104]
[147 157 105]
[146 157 105]
[146 157 106]
[146 158 107]
[145 157 107]
[144 157 107]
[144 158 108]
[144 159 108]
[143 158 107]
[143 159 108]
[143 159 108]
[142 159 108]
[141 159 108]
[141 159 109]
[140 159 109]
[140 159 110]
[139 159 110]
[138 159 110]
[139 159 111]
[138 159 111]
[138 159 111]
[137 159 111]
[137 159 111]
[136 158 110]
[136 159 110]
[135 159 110]
[135 159 110]
[135 159 110]
[134 159 111]
[133 159 110]
[134 160 111]
[133 159 111]
[132 159 110]
[132 159 110]
[131 158 110]
[131 159 110]
[131 159 110]
[131 159 110]
[130 158 110]
[129 158 110]
[129 159 110]
[128 158 109]
[128 158 110]
[128 159 110]
[127 158 110]
[126 158 110]
[126 158 109]
[125 157 109]
[125 157 109]
[125 157 109]
[124 157 108]
[123 156 108]
[123 156 108]
[122 156 108]
[122 157 108]
[121 156 107]
[121 155 107]
[120 155 107]
[120 155 106]
[119 154 106]
[119 155 105]
[118 154 105]
[117 154 105]
[118 154 105]
[117 153 104]
[116 153 104]
[115 152 103]
[115 151 102]
[115 151 102]
[114 151 101]
[114 151 101]
[112 149  99]
[111 149  98]
[111 147  97]
[110 146  95]
[108 143  92]
[11 11  7]
[154 152  95]
[153 152  96]
[153 153  98]
[151 153  98]
[151 154  99]
[150 154 100]
[149 154 100]
[149 156 102]
[149 156 102]
[148 156 103]
[148 157 103]
[147 156 104]
[147 157 105]
[147 158 105]
[146 158 105]
[145 158 106]
[145 158 107]
[144 157 106]
[144 158 106]
[143 157 106]
[144 158 107]
[143 158 107]
[142 159 107]
[142 160 107]
[141 159 108]
[141 159 108]
[141 160 109]
[140 159 109]
[139 159 109]
[139 159 109]
[138 159 109]
[138 159 109]
[138 159 110]
[137 158 109]
[137 159 110]
[137 159 110]
[136 159 109]
[135 158 109]
[135 159 109]
[134 159 109]
[134 159 110]
[133 159 109]
[133 159 109]
[132 159 109]
[132 159 109]
[132 159 109]
[131 159 109]
[130 159 109]
[130 159 109]
[130 159 110]
[130 159 109]
[129 158 109]
[129 158 109]
[128 158 109]
[127 158 109]
[127 158 109]
[127 158 109]
[126 158 109]
[126 158 109]
[125 157 108]
[125 157 108]
[124 157 108]
[124 157 108]
[124 157 109]
[123 157 107]
[123 156 107]
[122 156 107]
[121 155 106]
[120 155 106]
[120 155 105]
[120 155 105]
[119 154 105]
[119 155 105]
[118 154 104]
[117 153 104]
[117 153 104]
[117 153 103]
[116 153 103]
[115 152 102]
[115 151 101]
[114 151 101]
[114 151 100]
[113 150 100]
[112 149  98]
[111 148  97]
[111 147  96]
[111 147  94]
[56 73 46]
[154 151  93]
[152 152  94]
[153 153  97]
[151 154  98]
[151 154  98]
[151 154  99]
[150 154  99]
[149 155 101]
[149 156 102]
[148 156 102]
[148 157 103]
[148 157 103]
[147 157 104]
[146 157 103]
[146 157 104]
[145 157 104]
[145 158 105]
[144 158 105]
[144 158 106]
[144 158 106]
[143 158 106]
[143 159 106]
[142 158 106]
[142 159 107]
[141 159 107]
[140 159 107]
[141 159 108]
[140 159 108]
[139 159 108]
[139 159 108]
[138 159 108]
[138 158 108]
[138 159 109]
[137 159 109]
[137 159 109]
[137 159 109]
[136 159 109]
[136 159 109]
[135 159 108]
[134 159 109]
[134 159 109]
[133 158 109]
[133 159 109]
[133 159 109]
[132 158 109]
[132 159 109]
[131 159 109]
[131 159 109]
[130 159 109]
[129 159 108]
[129 158 108]
[129 159 109]
[129 158 108]
[129 159 109]
[127 158 108]
[127 158 108]
[127 158 109]
[126 158 108]
[125 157 108]
[125 157 107]
[125 157 108]
[124 157 107]
[123 156 107]
[123 157 107]
[122 156 106]
[122 156 106]
[121 156 106]
[121 156 105]
[120 155 105]
[120 156 105]
[119 155 104]
[119 155 104]
[118 154 104]
[118 154 104]
[117 153 103]
[117 154 102]
[116 153 101]
[116 152 101]
[115 152 101]
[115 151 100]
[114 151 100]
[113 151  99]
[113 150  98]
[112 149  97]
[112 149  96]
[111 147  94]
[111 146  92]
[55 54 33]
[153 152  93]
[152 152  94]
[152 153  97]
[151 154  97]
[152 155  99]
[150 154  99]
[149 155 100]
[149 156 101]
[148 156 101]
[148 156 102]
[147 156 102]
[147 157 103]
[147 157 103]
[146 157 103]
[145 157 103]
[145 158 104]
[144 158 105]
[144 158 105]
[143 158 105]
[142 158 105]
[142 159 106]
[143 159 106]
[142 159 106]
[142 159 107]
[141 159 106]
[140 159 107]
[140 160 108]
[139 159 107]
[139 160 107]
[138 159 107]
[138 159 108]
[138 159 108]
[137 159 108]
[137 159 108]
[136 158 107]
[136 159 108]
[135 158 107]
[135 159 108]
[134 159 108]
[133 158 107]
[133 159 108]
[133 159 108]
[132 159 108]
[133 159 109]
[132 160 109]
[131 159 108]
[130 159 108]
[130 159 108]
[129 158 107]
[129 158 108]
[129 159 108]
[129 158 108]
[128 158 107]
[128 159 108]
[127 158 108]
[126 157 107]
[126 158 108]
[126 158 107]
[126 158 107]
[124 156 106]
[123 156 106]
[124 157 107]
[123 156 106]
[122 156 106]
[122 156 105]
[122 156 105]
[121 156 105]
[121 156 104]
[120 155 104]
[120 155 104]
[118 154 103]
[119 155 104]
[118 155 103]
[117 153 102]
[117 153 101]
[117 153 102]
[116 152 100]
[115 152 100]
[114 151  99]
[114 151  99]
[113 150  97]
[113 151  98]
[113 149  96]
[111 148  94]
[111 147  93]
[ 9 11  7]
[141 140  85]
[152 152  94]
[152 153  95]
[152 154  97]
[151 155  97]
[150 155  98]
[149 155  99]
[149 155  99]
[149 157 101]
[148 156 101]
[148 157 102]
[148 157 102]
[147 158 103]
[146 157 102]
[146 158 103]
[145 157 103]
[145 158 104]
[144 158 104]
[144 158 105]
[142 158 104]
[142 158 105]
[142 158 105]
[142 159 105]
[141 158 105]
[140 159 105]
[140 159 106]
[139 158 106]
[139 159 106]
[139 159 106]
[138 159 106]
[138 159 106]
[138 159 107]
[136 158 107]
[136 159 107]
[136 159 107]
[135 159 107]
[136 159 107]
[135 159 107]
[134 159 107]
[134 159 107]
[133 159 107]
[133 159 107]
[133 159 108]
[132 159 107]
[132 159 108]
[131 159 107]
[131 159 108]
[131 159 108]
[130 158 107]
[130 159 108]
[130 159 108]
[128 158 107]
[128 158 107]
[127 158 107]
[127 158 107]
[126 158 107]
[126 158 107]
[125 157 106]
[125 157 106]
[125 157 105]
[124 157 106]
[123 156 105]
[123 157 105]
[122 156 105]
[122 156 105]
[122 156 105]
[122 156 104]
[121 156 104]
[120 155 103]
[120 155 103]
[119 155 102]
[118 155 102]
[118 154 102]
[118 154 101]
[117 153 101]
[117 153 101]
[116 152 100]
[115 152  99]
[115 152  99]
[114 151  98]
[113 150  97]
[113 150  96]
[112 148  94]
[112 148  93]
[ 96 126  79]
[148 147  89]
[152 153  94]
[152 154  96]
[151 154  96]
[150 155  98]
[149 155  98]
[149 156  99]
[149 157 100]
[148 157 100]
[148 157 101]
[147 157 101]
[147 157 102]
[146 158 102]
[146 158 102]
[145 158 102]
[145 158 103]
[145 158 103]
[144 159 104]
[143 158 104]
[143 158 104]
[142 158 104]
[142 158 104]
[141 159 105]
[141 159 105]
[140 159 105]
[140 159 105]
[140 159 106]
[140 160 106]
[138 159 105]
[139 159 106]
[138 159 106]
[137 159 106]
[137 159 107]
[136 159 107]
[136 159 106]
[136 159 106]
[135 159 107]
[135 160 107]
[134 159 107]
[134 159 107]
[133 159 106]
[132 159 107]
[132 159 107]
[132 159 107]
[132 159 107]
[131 158 107]
[130 159 107]
[130 158 107]
[130 159 107]
[129 158 107]
[128 158 107]
[128 159 107]
[127 158 106]
[127 158 106]
[127 158 106]
[127 158 106]
[126 158 106]
[125 158 105]
[125 158 105]
[124 157 105]
[123 157 105]
[123 156 105]
[123 156 104]
[122 156 104]
[122 156 104]
[122 156 104]
[121 156 103]
[120 155 102]
[120 155 102]
[119 155 102]
[119 155 102]
[118 154 101]
[118 154 100]
[118 153 100]
[117 153 100]
[116 152  99]
[115 152  99]
[114 151  98]
[114 151  97]
[113 150  96]
[113 149  95]
[113 149  94]
[112 148  92]
[31 31 19]
[153 153  93]
[151 153  94]
[152 155  96]
[150 154  96]
[150 155  98]
[149 156  98]
[149 156  99]
[148 157  99]
[148 157 100]
[147 157 100]
[146 156 100]
[146 157 101]
[145 157 101]
[145 157 101]
[145 157 101]
[144 158 102]
[144 158 103]
[144 159 103]
[143 158 103]
[142 158 103]
[142 159 104]
[142 159 104]
[140 158 103]
[140 159 105]
[140 159 104]
[139 159 105]
[139 159 105]
[139 159 105]
[138 159 105]
[137 159 105]
[137 159 105]
[137 159 105]
[136 159 105]
[136 159 105]
[136 159 106]
[135 159 105]
[134 159 105]
[134 159 106]
[133 159 105]
[133 159 105]
[133 159 106]
[132 159 106]
[132 158 105]
[131 158 105]
[131 158 106]
[130 158 106]
[130 159 106]
[129 158 106]
[129 158 106]
[129 159 106]
[127 158 105]
[127 158 105]
[126 157 105]
[127 158 105]
[126 157 105]
[126 158 105]
[125 158 104]
[124 158 104]
[124 157 104]
[123 157 103]
[123 156 103]
[123 156 103]
[122 156 103]
[122 156 103]
[121 155 102]
[121 156 102]
[120 155 101]
[119 155 101]
[119 154 101]
[119 154 100]
[118 154 100]
[118 154  99]
[117 153  99]
[117 153 100]
[116 153  98]
[115 152  97]
[114 151  96]
[114 151  96]
[114 150  95]
[113 149  94]
[113 149  93]
[15 20 13]
[33 33 20]
[152 153  93]
[151 154  94]
[150 154  95]
[149 155  96]
[149 156  97]
[149 156  98]
[148 156  99]
[148 157  99]
[147 157  99]
[147 157 100]
[146 157 100]
[146 157 100]
[145 158 101]
[145 158 101]
[144 158 102]
[144 158 102]
[143 158 102]
[142 159 102]
[142 158 102]
[141 158 102]
[142 159 103]
[141 159 103]
[140 159 104]
[139 158 103]
[139 158 103]
[140 160 105]
[139 159 104]
[138 159 104]
[138 159 104]
[137 159 104]
[137 159 104]
[136 159 105]
[136 160 105]
[135 159 105]
[135 159 105]
[134 159 104]
[133 158 104]
[134 160 106]
[133 159 105]
[132 159 105]
[132 159 105]
[132 159 105]
[131 159 105]
[131 158 105]
[131 159 106]
[130 158 105]
[129 158 105]
[129 158 105]
[128 158 105]
[128 158 105]
[127 158 104]
[127 158 105]
[127 158 104]
[127 158 104]
[126 158 104]
[125 158 104]
[125 158 104]
[124 157 103]
[123 157 103]
[123 156 102]
[122 156 102]
[123 157 103]
[121 156 102]
[121 155 101]
[121 156 101]
[120 156 101]
[120 155 101]
[119 155 100]
[119 154 100]
[118 154  99]
[118 153  99]
[116 153  98]
[117 153  99]
[116 152  97]
[115 152  96]
[115 152  96]
[115 151  95]
[113 150  94]
[113 150  93]
[ 96 127  78]
[125 126  75]
[151 154  93]
[151 154  94]
[150 155  95]
[149 155  96]
[149 156  97]
[148 156  98]
[147 156  98]
[147 157  98]
[147 157  99]
[145 157  99]
[145 157 100]
[144 158 100]
[144 157 100]
[144 158 100]
[143 158 101]
[143 158 102]
[142 158 102]
[142 158 102]
[142 158 102]
[141 158 102]
[141 158 102]
[140 159 103]
[140 159 104]
[139 159 103]
[139 159 103]
[139 160 104]
[138 159 104]
[137 159 104]
[137 159 104]
[137 160 104]
[137 159 104]
[136 159 104]
[135 159 104]
[135 159 104]
[134 159 105]
[134 159 105]
[133 159 105]
[133 159 104]
[133 159 105]
[132 159 104]
[132 159 104]
[132 159 105]
[131 158 104]
[130 158 104]
[130 158 105]
[129 158 104]
[129 159 105]
[129 158 104]
[128 158 103]
[127 158 103]
[127 157 103]
[127 158 104]
[126 158 103]
[126 158 103]
[125 157 103]
[125 158 102]
[123 157 102]
[123 157 102]
[123 156 101]
[122 156 101]
[122 156 101]
[121 156 101]
[121 155 101]
[121 156 101]
[120 156 100]
[119 155 100]
[119 155  99]
[119 154  99]
[119 154  98]
[118 153  98]
[117 153  98]
[116 153  97]
[115 152  96]
[115 151  95]
[114 151  95]
[114 150  94]
[113 149  92]
[16 21 13]
[130 132  78]
[151 154  93]
[150 154  93]
[149 155  94]
[148 155  95]
[148 156  96]
[147 156  97]
[147 157  98]
[146 157  98]
[146 157  98]
[145 157  99]
[145 158 100]
[144 157  99]
[144 158 100]
[144 158 100]
[143 158 100]
[143 158 101]
[142 158 101]
[141 158 101]
[141 158 101]
[141 159 102]
[140 159 102]
[140 159 103]
[139 159 102]
[139 159 102]
[138 158 102]
[138 159 103]
[137 159 103]
[137 159 103]
[137 159 103]
[137 159 103]
[136 159 103]
[136 160 104]
[135 159 104]
[135 159 104]
[134 159 104]
[134 159 104]
[133 159 104]
[133 159 104]
[132 159 103]
[131 159 103]
[131 159 104]
[131 159 104]
[130 158 103]
[130 158 104]
[129 158 103]
[128 158 103]
[129 158 103]
[128 158 103]
[128 158 102]
[127 157 102]
[127 157 102]
[127 158 103]
[126 158 102]
[125 157 102]
[125 157 102]
[124 157 101]
[123 157 101]
[123 156 101]
[122 156 100]
[122 156 100]
[121 156 100]
[121 155 100]
[120 155 100]
[120 155 100]
[120 155  99]
[119 154  98]
[118 154  98]
[118 154  97]
[118 153  97]
[117 153  96]
[117 153  96]
[116 152  95]
[115 151  94]
[115 151  94]
[114 151  93]
[20 27 16]
[22 22 13]
[150 154  92]
[149 156  93]
[149 156  94]
[148 156  95]
[147 156  96]
[147 157  97]
[147 157  97]
[146 157  97]
[146 157  98]
[145 158  99]
[144 158  99]
[144 158  99]
[144 158  99]
[143 159 100]
[142 158 100]
[142 158 100]
[141 158 100]
[141 159 100]
[140 159 100]
[140 160 102]
[140 159 102]
[139 159 101]
[139 159 102]
[138 159 102]
[138 159 102]
[137 159 102]
[137 159 102]
[137 160 103]
[136 159 102]
[136 159 103]
[136 159 103]
[135 159 103]
[135 159 103]
[134 159 103]
[133 159 103]
[133 159 103]
[132 159 103]
[132 159 103]
[131 159 102]
[131 158 102]
[130 158 102]
[131 159 103]
[130 159 103]
[130 159 103]
[129 159 103]
[129 159 103]
[128 158 102]
[128 158 102]
[127 158 102]
[127 158 102]
[126 158 102]
[126 158 102]
[125 157 101]
[124 157 101]
[124 157 101]
[124 157 101]
[123 156 100]
[122 156  99]
[123 157 100]
[122 156  99]
[121 156 100]
[120 154  98]
[120 155  99]
[120 154  98]
[119 154  97]
[119 155  98]
[118 153  96]
[118 153  96]
[116 152  95]
[116 152  94]
[115 152  94]
[115 152  94]
[115 151  93]
[6 8 5]
[42 43 26]
[150 155  92]
[149 155  93]
[148 156  94]
[148 157  96]
[147 157  96]
[147 156  96]
[146 157  96]
[146 157  97]
[145 158  98]
[144 157  97]
[144 157  98]
[143 158  98]
[144 159  99]
[143 159 100]
[142 158  99]
[142 158  99]
[141 158  99]
[141 159 100]
[140 159 100]
[140 159 100]
[139 159 101]
[138 159 101]
[139 159 102]
[138 159 101]
[137 159 101]
[137 159 101]
[137 159 102]
[136 159 101]
[136 159 101]
[136 159 102]
[135 159 102]
[135 159 103]
[133 158 102]
[134 159 103]
[133 159 102]
[133 160 102]
[131 158 101]
[132 159 102]
[131 159 102]
[131 159 102]
[131 159 102]
[130 158 102]
[129 158 102]
[129 158 101]
[128 158 101]
[128 158 101]
[127 158 101]
[127 158 101]
[127 158 101]
[126 158 100]
[126 158 101]
[125 157 100]
[124 157 100]
[124 157 100]
[123 157  99]
[123 157  99]
[123 156  99]
[122 156  99]
[122 156  99]
[121 155  98]
[121 155  98]
[121 155  97]
[120 155  97]
[119 154  96]
[119 154  96]
[118 153  96]
[117 153  95]
[117 153  94]
[117 153  94]
[116 152  93]
[116 152  93]
[ 91 121  73]
[48 50 29]
[144 150  88]
[148 156  93]
[148 156  93]
[148 156  95]
[147 157  95]
[147 157  95]
[146 158  96]
[145 157  96]
[145 158  97]
[144 158  97]
[144 158  98]
[143 158  98]
[143 158  98]
[143 158  98]
[142 158  99]
[142 159 100]
[142 159  99]
[141 159 100]
[140 159 100]
[139 159 100]
[139 159 100]
[139 159 101]
[138 158 100]
[138 159 101]
[137 159 101]
[137 159 101]
[137 159 101]
[136 159 101]
[136 159 101]
[135 159 101]
[135 159 101]
[134 159 101]
[134 159 101]
[133 159 101]
[133 159 101]
[132 159 101]
[131 159 100]
[131 159 101]
[131 159 102]
[130 159 101]
[130 159 101]
[130 159 101]
[129 158 101]
[129 158 101]
[128 159 101]
[127 158 101]
[127 158 101]
[126 158 100]
[126 158 100]
[125 157  99]
[125 157  99]
[124 157  99]
[124 157  99]
[123 157  99]
[123 157  99]
[122 156  98]
[122 156  98]
[122 156  97]
[122 155  97]
[121 156  97]
[120 155  96]
[120 154  96]
[120 155  96]
[118 154  95]
[118 154  95]
[118 154  94]
[116 153  93]
[116 152  93]
[116 152  92]
[ 78 103  61]
[32 33 20]
[148 156  92]
[148 156  93]
[147 156  94]
[146 157  94]
[146 157  95]
[146 158  95]
[145 157  95]
[144 158  96]
[144 158  96]
[144 158  97]
[143 158  97]
[143 159  98]
[142 158  98]
[142 159  98]
[141 158  98]
[141 159  99]
[141 159  99]
[140 159  99]
[138 158  99]
[138 159  99]
[138 159  99]
[137 159  99]
[137 159  99]
[137 160 100]
[137 159 100]
[135 158  99]
[135 159 100]
[135 159 100]
[135 159 100]
[134 159 100]
[134 159 100]
[134 159 100]
[132 158  99]
[132 159 100]
[132 159 100]
[131 159  99]
[130 159 100]
[131 159 100]
[130 159 100]
[129 158 100]
[129 159 100]
[128 158 100]
[128 158 100]
[127 158 100]
[127 158 100]
[126 158  99]
[126 157  99]
[126 158  99]
[125 157  99]
[124 157  98]
[124 157  98]
[123 156  97]
[123 157  98]
[123 156  98]
[122 156  97]
[122 156  97]
[121 155  96]
[121 155  96]
[121 155  96]
[119 154  95]
[118 154  94]
[119 154  94]
[118 153  93]
[118 153  93]
[117 153  92]
[25 33 20]
[145 153  90]
[148 157  93]
[146 157  93]
[145 157  94]
[146 158  95]
[145 158  95]
[145 158  95]
[144 158  95]
[144 158  96]
[143 158  96]
[143 158  97]
[142 158  97]
[141 158  97]
[141 159  98]
[141 159  98]
[141 159  99]
[139 159  98]
[139 159  99]
[139 160  99]
[138 159  98]
[137 159  98]
[137 159  99]
[137 159  99]
[136 159 100]
[135 159  99]
[136 159  99]
[135 159  99]
[134 159  99]
[135 160 100]
[133 158  98]
[134 159  99]
[133 159  99]
[132 159  99]
[132 159 100]
[131 159  99]
[131 159  99]
[131 159  99]
[129 158  99]
[130 159 100]
[129 158  99]
[128 158  99]
[127 158  99]
[127 158  99]
[127 158  99]
[127 158  98]
[127 158  98]
[126 158  98]
[125 157  97]
[124 157  97]
[124 157  97]
[123 157  97]
[123 156  97]
[122 156  96]
[123 156  97]
[122 156  97]
[122 156  96]
[121 155  95]
[121 156  95]
[120 155  94]
[119 155  94]
[118 154  93]
[119 154  93]
[117 153  92]
[24 32 19]
[8 8 5]
[113 121  71]
[146 158  93]
[145 158  94]
[145 158  94]
[145 158  94]
[145 158  94]
[144 158  95]
[143 158  95]
[142 158  96]
[142 158  97]
[142 159  97]
[141 159  97]
[141 159  97]
[141 159  98]
[139 159  97]
[139 159  97]
[139 159  97]
[138 159  97]
[137 159  98]
[136 159  98]
[136 159  98]
[136 159  98]
[136 159  99]
[135 158  98]
[134 159  98]
[134 159  98]
[134 159  98]
[133 159  98]
[133 159  98]
[132 159  98]
[132 159  98]
[132 159  98]
[131 159  98]
[131 159  98]
[130 158  98]
[130 158  98]
[129 158  98]
[129 158  98]
[128 158  98]
[128 158  98]
[128 158  98]
[127 158  98]
[127 158  97]
[126 157  97]
[126 158  97]
[125 158  97]
[124 157  97]
[123 157  96]
[123 156  96]
[123 156  96]
[123 156  95]
[122 155  95]
[121 155  95]
[121 155  95]
[120 155  94]
[120 155  93]
[120 155  93]
[119 154  93]
[118 154  93]
[118 153  91]
[38 50 30]
[53 57 33]
[145 157  92]
[145 157  93]
[144 157  93]
[145 158  93]
[144 158  94]
[143 158  94]
[142 158  94]
[142 158  95]
[142 158  95]
[142 159  96]
[141 159  96]
[140 159  96]
[140 159  96]
[140 159  97]
[139 159  97]
[138 159  97]
[137 159  97]
[137 159  97]
[136 159  97]
[136 159  98]
[136 159  98]
[135 159  97]
[135 158  97]
[134 159  97]
[134 159  97]
[133 158  97]
[133 159  97]
[132 159  97]
[132 159  97]
[131 159  97]
[131 159  98]
[130 158  97]
[130 158  98]
[130 158  98]
[129 158  97]
[129 158  98]
[128 158  97]
[128 158  97]
[127 158  97]
[127 158  97]
[126 157  96]
[126 158  96]
[126 158  96]
[125 157  96]
[124 157  96]
[123 157  95]
[123 156  95]
[123 156  95]
[122 156  95]
[122 156  95]
[121 156  94]
[120 155  93]
[120 155  93]
[120 154  92]
[119 154  92]
[119 154  92]
[48 62 37]
[145 156  90]
[145 157  92]
[144 157  92]
[143 158  92]
[143 158  93]
[142 159  93]
[142 158  94]
[142 158  94]
[141 158  94]
[141 158  95]
[140 158  94]
[140 159  95]
[138 159  95]
[139 159  96]
[139 160  97]
[137 159  96]
[137 159  96]
[137 160  97]
[136 159  97]
[136 159  97]
[135 159  96]
[135 160  97]
[135 159  97]
[134 159  97]
[133 159  96]
[133 159  96]
[132 159  96]
[131 158  96]
[132 160  97]
[131 159  97]
[131 159  97]
[130 158  96]
[130 158  97]
[129 158  96]
[129 159  97]
[128 158  96]
[128 158  96]
[127 158  96]
[127 158  96]
[127 157  96]
[126 157  95]
[125 157  95]
[125 157  95]
[124 157  95]
[124 157  95]
[124 157  95]
[122 156  93]
[122 156  94]
[122 156  94]
[121 156  93]
[121 155  92]
[120 155  92]
[112 145  86]
[ 9 11  7]
[114 126  73]
[143 158  92]
[142 158  92]
[142 158  93]
[142 158  93]
[141 158  93]
[140 158  93]
[141 159  94]
[140 159  94]
[139 159  95]
[138 158  94]
[138 159  95]
[138 159  95]
[137 159  95]
[137 159  96]
[136 159  96]
[135 158  95]
[136 159  96]
[135 159  96]
[135 159  96]
[135 160  97]
[134 160  96]
[132 159  95]
[132 159  96]
[132 159  96]
[131 159  96]
[131 159  96]
[130 159  96]
[130 159  96]
[129 158  95]
[129 158  96]
[129 159  96]
[128 158  95]
[128 158  95]
[128 158  95]
[127 158  95]
[126 157  95]
[126 158  95]
[126 158  95]
[125 157  94]
[124 157  94]
[124 157  94]
[123 157  94]
[123 156  93]
[123 156  93]
[122 156  92]
[116 148  87]
[ 95 122  72]
[26 29 17]
[117 130  75]
[142 158  92]
[142 158  93]
[142 159  93]
[141 158  93]
[141 159  93]
[140 159  94]
[139 159  93]
[139 159  94]
[139 159  94]
[138 159  94]
[138 159  95]
[137 159  95]
[137 159  94]
[136 159  95]
[136 159  95]
[135 159  95]
[135 160  96]
[134 159  95]
[133 159  95]
[133 159  95]
[132 159  95]
[132 158  94]
[132 159  95]
[131 159  95]
[130 158  94]
[130 159  95]
[130 158  95]
[129 159  95]
[129 158  95]
[129 159  95]
[128 158  94]
[127 158  94]
[127 158  94]
[126 158  94]
[126 157  94]
[125 157  93]
[125 157  94]
[124 157  93]
[124 157  92]
[123 156  92]
[62 79 46]
[62 79 47]
[31 34 20]
[30 34 20]
[86 96 56]
[141 159  92]
[140 158  91]
[140 158  92]
[139 159  92]
[139 159  93]
[139 160  93]
[138 159  93]
[138 159  93]
[137 159  93]
[137 159  94]
[136 159  94]
[135 159  94]
[135 159  94]
[134 159  94]
[134 159  94]
[134 159  94]
[133 159  94]
[133 159  94]
[132 159  94]
[132 159  94]
[131 159  94]
[131 158  94]
[131 159  94]
[130 158  94]
[129 158  94]
[129 158  93]
[129 159  94]
[128 158  93]
[127 157  93]
[127 157  93]
[126 157  93]
[126 157  93]
[126 157  93]
[125 157  92]
[124 156  92]
[47 60 35]
[131 148  85]
[139 158  91]
[140 159  92]
[138 158  91]
[139 159  92]
[138 159  92]
[138 160  93]
[137 159  92]
[137 159  92]
[136 159  93]
[135 159  93]
[135 159  94]
[134 159  93]
[134 159  93]
[133 159  93]
[133 159  93]
[132 159  93]
[132 159  93]
[132 159  93]
[131 158  93]
[131 158  93]
[130 158  93]
[129 158  92]
[129 158  93]
[129 159  93]
[128 157  92]
[128 158  92]
[127 157  92]
[126 157  92]
[123 153  89]
[118 146  85]
[117 146  85]
[ 90 102  59]
[ 89 102  59]
[1 1 0]
[ 88 102  59]
[137 158  91]
[136 158  91]
[136 158  91]
[135 158  91]
[135 159  92]
[135 159  92]
[134 158  92]
[133 158  92]
[133 159  93]
[132 158  92]
[132 158  92]
[132 158  92]
[131 158  92]
[130 158  92]
[130 158  92]
[130 158  92]
[130 158  91]
[129 157  91]
[ 82 101  59]
[ 82 101  59]
[18 22 13]
[48 57 33]
[48 56 32]
[48 56 32]
[30 36 21]
[47 56 32]
[48 57 33]
[47 57 33]
[47 57 32]
[46 56 32]
[30 36 21]
